# File exported by ZBrush version 2025
# www.zbrush.com
#Vertex Count 2632
#Face Count 2609
#Auto scale x=1.000000 y=1.000000 z=1.000000
#Auto offset x=0.000000 y=0.000000 z=0.000000
v 2.24361372 0.88077575 -1.80704629
v 2.26388645 0.89636147 -1.79832637
v 2.27163839 0.89814013 -1.77705764
v 2.26141023 0.88243722 -1.77685964
v 2.20953297 0.90162181 -1.72219026
v 2.21460771 0.88438957 -1.73163139
v 2.25461626 0.889472 -1.74249005
v 2.22544002 0.91322976 -1.72526121
v 2.24779057 0.87455242 -1.79592025
v 2.20912957 0.87577271 -1.8102535
v 2.21335792 0.8863815 -1.82110786
v 2.21880221 0.89946067 -1.82673895
v 2.25006938 0.8902533 -1.80938053
v 2.2620368 0.88430517 -1.79422557
v 2.25136709 0.90185213 -1.81089985
v 2.25367713 0.91227668 -1.80681908
v 2.26600766 0.9019677 -1.79166889
v 2.26260805 0.88444376 -1.78359723
v 2.26384234 0.91024953 -1.78703045
v 2.26397657 0.91572374 -1.78145098
v 2.26968383 0.90971612 -1.76684832
v 2.2642951 0.91750639 -1.76836001
v 2.26176643 0.884485 -1.77959227
v 2.26436829 0.90682697 -1.78619325
v 2.26438188 0.89441752 -1.75967979
v 2.25706124 0.88203084 -1.7599312
v 2.23908162 0.87102729 -1.76961064
v 2.23999428 0.87069827 -1.77787447
v 2.23951005 0.87468254 -1.75957274
v 2.25970339 0.89030325 -1.7555021
v 2.24549818 0.87961226 -1.75230455
v 2.2101612 0.87574464 -1.74219465
v 2.20705556 0.86880236 -1.75272512
v 2.2047348 0.86586546 -1.76568043
v 2.16356658 0.87532323 -1.74667656
v 2.16240596 0.86912989 -1.76243305
v 2.16332984 0.8676666 -1.77739048
v 2.20430016 0.86589258 -1.77828967
v 2.16533136 0.8686434 -1.79323661
v 2.20512175 0.86708337 -1.78856301
v 2.24145078 0.87181949 -1.78273677
v 2.26248192 0.88540762 -1.78046238
v 2.20686936 0.87026691 -1.79939925
v 2.24403667 0.87175571 -1.78760802
v 2.16832613 0.87329536 -1.80844211
v 2.17253279 0.88244754 -1.82241761
v 2.12158083 0.88448649 -1.81585216
v 2.1276493 0.89489299 -1.83187103
v 2.1351037 0.90978044 -1.84387624
v 2.17786383 0.89538896 -1.83326649
v 2.14356684 0.92804086 -1.8506087
v 2.18446779 0.91113328 -1.83939373
v 2.15181446 0.94717377 -1.85034203
v 2.19154691 0.92811995 -1.83950424
v 2.2242527 0.91354268 -1.82675349
v 2.19802188 0.9436382 -1.83407473
v 2.2286756 0.92586201 -1.82156181
v 2.20319151 0.9568274 -1.82446432
v 2.2326312 0.93577134 -1.81371343
v 2.25482797 0.91873627 -1.80116581
v 2.2649455 0.90526115 -1.78792452
v 2.23601889 0.94377476 -1.80416429
v 2.25591445 0.92286652 -1.79495942
v 2.23814153 0.94930338 -1.79208588
v 2.25663209 0.92655283 -1.78762352
v 2.23899173 0.95202738 -1.77729725
v 2.25755667 0.92985093 -1.77806758
v 2.23803687 0.94978851 -1.76107418
v 2.25827789 0.92826855 -1.76508772
v 2.23574376 0.94390374 -1.74816
v 2.2566843 0.92231279 -1.7556082
v 2.26343512 0.91143143 -1.7584238
v 2.26615715 0.90398013 -1.75968563
v 2.25798344 0.91476202 -1.75055193
v 2.26297092 0.90214049 -1.75634884
v 2.26091933 0.90468138 -1.74661386
v 2.23298859 0.93623107 -1.7390412
v 2.23010063 0.92652821 -1.73079228
v 2.19864106 0.95661652 -1.73186051
v 2.1931107 0.9444282 -1.72183871
v 2.18654561 0.92902123 -1.71548295
v 2.15407609 0.96362996 -1.71582377
v 2.14551806 0.94671547 -1.70937216
v 2.13615846 0.92879712 -1.71023964
v 2.17887282 0.91117608 -1.71536266
v 2.12739563 0.91269052 -1.71861589
v 2.17225313 0.89485889 -1.72240853
v 2.12098932 0.90039527 -1.73123073
v 2.16680359 0.88327294 -1.73365092
v 2.11691641 0.89108496 -1.74591743
v 2.06867289 0.92377597 -1.73102545
v 2.06399011 0.91408509 -1.74645865
v 2.06093645 0.90645712 -1.76305377
v 2.11476206 0.88400447 -1.76196003
v 2.05960655 0.90121668 -1.78189206
v 2.11505222 0.87987476 -1.7789148
v 2.06087946 0.90069896 -1.80189371
v 2.11731338 0.87932717 -1.79756009
v 2.06497836 0.90545278 -1.82241869
v 1.99648928 0.92818874 -1.80467224
v 1.99979066 0.9335131 -1.82696628
v 2.00638556 0.94503802 -1.84712421
v 2.07187628 0.91644996 -1.84059059
v 2.01572275 0.96239954 -1.86225795
v 2.08082771 0.93275749 -1.85390818
v 2.02641892 0.98401331 -1.86906504
v 2.09063839 0.95255494 -1.86079525
v 2.03705978 1.00688207 -1.86727285
v 2.10026311 0.97370827 -1.85977411
v 2.04591774 1.02753722 -1.85679066
v 2.10854435 0.99346125 -1.85132122
v 2.15908217 0.96542328 -1.84348809
v 2.11442518 1.00910902 -1.83756661
v 2.16453647 0.98043447 -1.83200669
v 2.11826705 1.02018594 -1.82098054
v 2.16836261 0.99166411 -1.81697487
v 2.20686459 0.96687638 -1.81163501
v 2.17098951 0.99882513 -1.79999983
v 2.20922708 0.97357875 -1.79619407
v 2.17235803 1.00203526 -1.78076052
v 2.21004986 0.97658383 -1.77856385
v 2.17098903 0.99903643 -1.76057624
v 2.20818996 0.97430479 -1.76016557
v 2.16692209 0.9902085 -1.74211359
v 2.20362615 0.96660268 -1.74403786
v 2.16114616 0.97799414 -1.72711753
v 2.11916399 1.01978921 -1.74037981
v 2.1130371 1.00654852 -1.72371089
v 2.10482001 0.99081718 -1.71164286
v 2.05352306 1.04101359 -1.72055816
v 2.04566884 1.02355957 -1.70736074
v 2.03562617 1.00326824 -1.70124316
v 2.09491086 0.97260552 -1.70558035
v 2.02498173 0.98266983 -1.70394027
v 2.08463358 0.95365548 -1.70736813
v 2.01544547 0.96468555 -1.71453082
v 2.07560825 0.93693256 -1.71690988
v 2.00803995 0.95107388 -1.72961294
v 1.95139765 0.9940257 -1.71015667
v 1.94344997 0.98024749 -1.72582745
v 1.93732011 0.97016918 -1.74342966
v 2.00254941 0.94108414 -1.74609887
v 1.93262839 0.96271246 -1.76223552
v 1.99867749 0.93349689 -1.76365459
v 1.92966496 0.95827448 -1.78260028
v 1.99642252 0.92866325 -1.78306555
v 1.92905175 0.95811146 -1.80552446
v 1.86190235 0.98961931 -1.78003621
v 1.860412 0.98941588 -1.80382883
v 1.86241507 0.99581146 -1.82797193
v 1.93170535 0.96414786 -1.82893669
v 1.86777389 1.00850296 -1.84961426
v 1.9376527 0.97645288 -1.85031485
v 1.87619531 1.02735078 -1.86626303
v 1.94657182 0.99474543 -1.86634731
v 1.88702964 1.050884 -1.87438297
v 1.957515 1.01763081 -1.87381684
v 1.89859962 1.07559633 -1.87111055
v 1.96871793 1.04165792 -1.87124157
v 1.90865254 1.09681999 -1.8583858
v 1.97817647 1.06253588 -1.85926973
v 1.91586816 1.11226558 -1.84049379
v 1.98499989 1.07798528 -1.84197604
v 2.05198383 1.04302048 -1.84097373
v 1.98960614 1.08845579 -1.82291269
v 2.05629015 1.05384993 -1.82317638
v 1.99284839 1.09500455 -1.80267214
v 2.05945467 1.06095767 -1.80385649
v 2.1210885 1.02759325 -1.80262529
v 2.0611875 1.06406068 -1.7828263
v 2.12275886 1.03094434 -1.7823838
v 2.06136083 1.06253719 -1.76066243
v 2.12236499 1.02839815 -1.76087355
v 2.05894255 1.05471348 -1.73866927
v 1.99533903 1.09590792 -1.75894057
v 1.99375069 1.08884096 -1.73668336
v 1.98939192 1.07551097 -1.71672499
v 1.92657053 1.12096142 -1.73129928
v 1.92359554 1.10791862 -1.71018934
v 1.91731584 1.08848261 -1.69535851
v 1.98201704 1.05682897 -1.70251023
v 1.9079386 1.06569802 -1.68878245
v 1.97215318 1.03493249 -1.69603276
v 1.89688503 1.04303705 -1.69178021
v 1.9614228 1.01297104 -1.6989423
v 1.8861171 1.02396953 -1.70310533
v 1.83157157 1.07290804 -1.68124699
v 1.82055759 1.05420732 -1.69318604
v 1.81148278 1.0409646 -1.7113353
v 1.87737941 1.01040983 -1.71962201
v 1.80448436 1.03180372 -1.73124718
v 1.87078392 1.00070726 -1.73871254
v 1.79870212 1.02526021 -1.752061
v 1.86565256 0.99390029 -1.7585237
v 1.7944231 1.02120065 -1.77481102
v 1.73228275 1.05360865 -1.74358439
v 1.72779905 1.04973459 -1.76808404
v 1.72555768 1.05082917 -1.7935884
v 1.79246056 1.0214504 -1.79925918
v 1.7260065 1.05775022 -1.81827926
v 1.793594 1.02771461 -1.82394897
v 1.72952997 1.07099998 -1.84120655
v 1.79816985 1.04039168 -1.84611702
v 1.73646986 1.09017813 -1.85851085
v 1.80612826 1.05936813 -1.86307847
v 1.7463032 1.11378967 -1.86749649
v 1.81670033 1.08303332 -1.87155199
v 1.75761556 1.13862884 -1.86572146
v 1.82834219 1.10793936 -1.86888253
v 1.76810503 1.16055071 -1.85298633
v 1.83854746 1.12967813 -1.85587573
v 1.77614545 1.17660582 -1.83276355
v 1.84601748 1.14531636 -1.83690357
v 1.78150308 1.18598461 -1.80921328
v 1.8512994 1.15476834 -1.81467604
v 1.92079138 1.12246727 -1.82009923
v 1.85462009 1.15935552 -1.79171097
v 1.92424333 1.12801504 -1.79822015
v 1.85654246 1.16007912 -1.76851296
v 1.92641031 1.12983238 -1.77625262
v 1.99483513 1.09760177 -1.78124928
v 1.92713725 1.12747037 -1.753865
v 1.8577758 1.15726769 -1.74515008
v 1.85790324 1.15010738 -1.72189092
v 1.78920841 1.18719577 -1.73381042
v 1.78950262 1.1794492 -1.70965743
v 1.78744161 1.16643357 -1.68810272
v 1.85601186 1.13730657 -1.70032286
v 1.78219378 1.14769351 -1.67212295
v 1.85090017 1.11827242 -1.68460691
v 1.77387499 1.12515211 -1.66530871
v 1.84240067 1.09552824 -1.67794418
v 1.76374268 1.10271096 -1.66888678
v 1.70350599 1.15440523 -1.6524775
v 1.69395375 1.13118386 -1.65646219
v 1.68477916 1.11134254 -1.66965806
v 1.75362265 1.08401417 -1.68182063
v 1.67698931 1.09666609 -1.68878412
v 1.74495816 1.07037615 -1.70066022
v 1.67047739 1.08537793 -1.71001815
v 1.73808932 1.06075418 -1.72124099
v 1.66507947 1.07687282 -1.73404741
v 1.60109591 1.10554051 -1.69939982
v 1.59637677 1.09540903 -1.72498798
v 1.59279859 1.09100437 -1.75378596
v 1.66097426 1.07306718 -1.76061558
v 1.59110653 1.09435617 -1.78297853
v 1.6585263 1.0752381 -1.78765404
v 1.59152007 1.10436749 -1.81012761
v 1.65864443 1.08351182 -1.81338799
v 1.59424638 1.12046229 -1.83332598
v 1.66167211 1.09794914 -1.83636999
v 1.59949564 1.14257538 -1.85052084
v 1.66747748 1.11852359 -1.85371422
v 1.60683751 1.16826725 -1.85902941
v 1.67605114 1.14291751 -1.862728
v 1.61568641 1.19528818 -1.85831582
v 1.68655622 1.16854512 -1.86224019
v 1.62534105 1.22016167 -1.84707927
v 1.69719612 1.19142544 -1.85053491
v 1.63397884 1.2395749 -1.82678687
v 1.70599007 1.20842635 -1.82956087
v 1.6401447 1.25093638 -1.80008184
v 1.71193563 1.21824121 -1.80454444
v 1.64480102 1.25580942 -1.77110636
v 1.71598577 1.22276961 -1.77764964
v 1.78501308 1.19030344 -1.78467285
v 1.71882772 1.22300112 -1.74951863
v 1.7875396 1.19068801 -1.75931084
v 1.720438 1.21901273 -1.72201216
v 1.6479789 1.25609028 -1.74105775
v 1.64931392 1.25183737 -1.71195626
v 1.64888799 1.24246811 -1.68511247
v 1.72038281 1.21069419 -1.6967802
v 1.64594531 1.22754228 -1.66257655
v 1.71776104 1.19696998 -1.67480337
v 1.63986766 1.20658588 -1.64686822
v 1.71194875 1.1775695 -1.65900838
v 1.63165891 1.18195688 -1.64080095
v 1.56616282 1.23246228 -1.63687109
v 1.55876004 1.20627987 -1.63115942
v 1.55079817 1.17998921 -1.63566029
v 1.62281453 1.15731668 -1.64489889
v 1.54333531 1.15658795 -1.64889681
v 1.61436462 1.13575208 -1.65811348
v 1.53680634 1.13781595 -1.66870439
v 1.60701572 1.11883258 -1.67723715
v 1.53148996 1.1225146 -1.69193661
v 1.46795475 1.151883 -1.6616106
v 1.46312439 1.13482844 -1.68624758
v 1.45913434 1.12274432 -1.71535015
v 1.52732408 1.11147725 -1.71911168
v 1.45586729 1.11767959 -1.74798977
v 1.52426421 1.10662078 -1.74983608
v 1.45388245 1.12134659 -1.78078126
v 1.52287197 1.10998189 -1.78100562
v 1.45340824 1.13303887 -1.8101902
v 1.52355349 1.12090539 -1.80926907
v 1.45451498 1.15142321 -1.83433151
v 1.52607786 1.13833332 -1.83306181
v 1.45745801 1.17677044 -1.85140287
v 1.53033661 1.16199863 -1.8500601
v 1.46205508 1.20614397 -1.85854518
v 1.53633177 1.18954682 -1.85784864
v 1.46798861 1.23595678 -1.85529351
v 1.54361355 1.21762037 -1.85592508
v 1.47480166 1.26334071 -1.84298765
v 1.55151832 1.24399697 -1.84423637
v 1.48195409 1.28720951 -1.82274961
v 1.55908608 1.26563465 -1.82455563
v 1.48845768 1.3040179 -1.79460573
v 1.56551039 1.28004443 -1.79681253
v 1.49320149 1.31209731 -1.76171851
v 1.57036328 1.28629934 -1.76568424
v 1.49624121 1.31234729 -1.72858941
v 1.57350039 1.2866466 -1.73441195
v 1.49780809 1.30661857 -1.69731116
v 1.57493364 1.28191435 -1.70404613
v 1.49781835 1.2958188 -1.6690818
v 1.57439613 1.27138757 -1.67604887
v 1.49593818 1.27839124 -1.64484119
v 1.57159435 1.25511181 -1.65291261
v 1.49174094 1.25396645 -1.62840735
v 1.42056524 1.29448962 -1.6368668
v 1.41880524 1.26863837 -1.62074899
v 1.415241 1.23871517 -1.61489784
v 1.48595082 1.22559762 -1.62336516
v 1.4106419 1.2092514 -1.61993968
v 1.47969663 1.19764196 -1.62850272
v 1.40585434 1.18257415 -1.63348102
v 1.47358167 1.1728549 -1.64183867
v 1.40118217 1.15949356 -1.65372526
v 1.3411622 1.18636822 -1.62119054
v 1.33648848 1.16159582 -1.64206278
v 1.33080244 1.14128744 -1.66914534
v 1.39644885 1.14074885 -1.67966556
v 1.32417631 1.12694382 -1.70074677
v 1.3917123 1.12749445 -1.71069896
v 1.3166387 1.12019014 -1.73565936
v 1.38703322 1.12218833 -1.74496603
v 1.3088305 1.12499034 -1.77113986
v 1.38266575 1.12662732 -1.77904737
v 1.30219101 1.14170563 -1.80213654
v 1.37938666 1.13999319 -1.80918586
v 1.29880619 1.1669234 -1.82565319
v 1.37819325 1.16043961 -1.83362782
v 1.29851758 1.19605279 -1.84180629
v 1.37953996 1.18760192 -1.84993922
v 1.30077397 1.22818458 -1.85091924
v 1.38299393 1.21832191 -1.85770595
v 1.30612599 1.26251828 -1.85051298
v 1.3885442 1.25005352 -1.85490036
v 1.31374573 1.29479086 -1.83724141
v 1.39543819 1.27957308 -1.84167242
v 1.32144439 1.32133257 -1.81525242
v 1.40267634 1.30476236 -1.82028627
v 1.32838058 1.34114027 -1.78572082
v 1.40933859 1.3234719 -1.7914226
v 1.3342235 1.35021448 -1.75000298
v 1.41454339 1.33302426 -1.75747883
v 1.33895599 1.3489089 -1.71361863
v 1.41783249 1.33343303 -1.72259461
v 1.34248614 1.34089386 -1.6799345
v 1.41945993 1.32664442 -1.6898477
v 1.34545862 1.3262552 -1.64948904
v 1.42057061 1.31397271 -1.66097772
v 1.34764981 1.30460894 -1.6251645
v 1.27223169 1.3333702 -1.6335392
v 1.27716398 1.31076061 -1.60788667
v 1.28036665 1.28135633 -1.59175932
v 1.34834027 1.27708327 -1.60919022
v 1.2815206 1.24885761 -1.58570718
v 1.34739351 1.24619841 -1.60314798
v 1.2808001 1.21627593 -1.58997201
v 1.34490597 1.2151097 -1.60748994
v 1.27798211 1.18631553 -1.60370945
v 1.21569883 1.21475184 -1.56785881
v 1.21309435 1.18366622 -1.581712
v 1.20781219 1.15739703 -1.60242819
v 1.27294969 1.16024708 -1.62450301
v 1.19976985 1.13726794 -1.62945115
v 1.26545763 1.13894379 -1.65112507
v 1.18953824 1.12487542 -1.66167652
v 1.25623619 1.12447226 -1.68319046
v 1.17772674 1.1214286 -1.6958791
v 1.24584567 1.11952769 -1.718719
v 1.16588652 1.12804651 -1.73048198
v 1.23550665 1.12572896 -1.75365579
v 1.15575861 1.14628136 -1.76244759
v 1.22679567 1.14361727 -1.78513968
v 1.14793944 1.17387378 -1.78737032
v 1.22110247 1.17103993 -1.80985498
v 1.14247512 1.20660507 -1.80459046
v 1.21863389 1.20273208 -1.82660818
v 1.1399455 1.24236011 -1.81372034
v 1.21937692 1.2370696 -1.83611106
v 1.14090597 1.27884352 -1.81318914
v 1.22334146 1.27312481 -1.83634603
v 1.14521908 1.31267488 -1.80256891
v 1.22954857 1.30690801 -1.82496619
v 1.15277576 1.34099221 -1.78109383
v 1.2372297 1.33475399 -1.80303609
v 1.16264259 1.3588314 -1.75117325
v 1.24556279 1.35376071 -1.77290236
v 1.17324471 1.36550962 -1.71676576
v 1.25359499 1.36104583 -1.73680663
v 1.18305623 1.36238515 -1.68131423
v 1.26025509 1.35812521 -1.69990706
v 1.19204247 1.35238313 -1.645967
v 1.26633119 1.34878337 -1.66514098
v 1.20002186 1.33604705 -1.61388087
v 1.11765885 1.35253846 -1.62323451
v 1.12793672 1.33407604 -1.59199845
v 1.1361407 1.30734229 -1.56848752
v 1.2067933 1.3110938 -1.58839273
v 1.14213883 1.27681124 -1.55372893
v 1.21171665 1.28103983 -1.57245624
v 1.14665567 1.24464988 -1.54706013
v 1.21488881 1.24863576 -1.56542468
v 1.14866828 1.21164715 -1.54924523
v 1.08084619 1.23766875 -1.52499556
v 1.08365798 1.20522975 -1.52733492
v 1.08244705 1.17480588 -1.53915345
v 1.14705669 1.18067193 -1.56119728
v 1.07720398 1.1497128 -1.55938148
v 1.14185106 1.15495967 -1.58159279
v 1.06888711 1.13185501 -1.5854361
v 1.13367545 1.13618421 -1.60813796
v 1.05838775 1.12117755 -1.61515188
v 1.12329173 1.12500381 -1.63879442
v 1.0465219 1.11762905 -1.64746475
v 1.11180007 1.12163054 -1.67165029
v 1.03350687 1.12264657 -1.68072485
v 1.09959161 1.12768983 -1.70629918
v 1.02008879 1.13856637 -1.71131563
v 1.08785867 1.14544677 -1.73778212
v 1.00807762 1.16498661 -1.73452448
v 1.07770299 1.17248559 -1.76172506
v 0.99844223 1.19752442 -1.74900996
v 1.06921124 1.20496165 -1.77798998
v 0.99135679 1.23337447 -1.75362992
v 1.06359779 1.24143898 -1.78533196
v 0.98782002 1.26857721 -1.74881494
v 1.06206572 1.27752709 -1.78230357
v 0.9883269 1.30116033 -1.73657357
v 1.06444358 1.31048488 -1.77076554
v 0.99319922 1.32935726 -1.71721828
v 1.07057225 1.33902442 -1.75126087
v 1.00286352 1.35023665 -1.69000268
v 1.08114051 1.35873234 -1.72298002
v 1.01568341 1.35864234 -1.65826821
v 1.09423983 1.36545312 -1.6898539
v 1.02952456 1.35602617 -1.62636423
v 1.10654521 1.36243677 -1.65670871
v 1.04306376 1.34559559 -1.59562909
v 0.95632273 1.34315145 -1.59413218
v 0.9712221 1.33291339 -1.56408715
v 0.98595428 1.31428813 -1.53732276
v 1.05593419 1.32620632 -1.56705749
v 0.99873882 1.28887772 -1.51632618
v 1.06663167 1.29990458 -1.54522538
v 1.00887322 1.25917017 -1.50290632
v 1.07492005 1.26969349 -1.53120803
v 1.0162487 1.22745096 -1.49741697
v 0.94278943 1.24641895 -1.47036886
v 0.95144414 1.21429634 -1.46572923
v 0.95641672 1.18196928 -1.47005677
v 1.02005016 1.1952598 -1.50058746
v 0.95708704 1.1518625 -1.4831773
v 1.019454 1.16514611 -1.51302933
v 0.95281547 1.12687957 -1.5045768
v 1.01441025 1.14034068 -1.5336461
v 0.94428193 1.10936319 -1.53121125
v 1.00576806 1.12278461 -1.5598315
v 0.9323256 1.09881699 -1.56029081
v 0.99454349 1.11227452 -1.58929038
v 0.91735273 1.09447932 -1.59062349
v 0.98127061 1.10858809 -1.62084877
v 0.90008968 1.09876465 -1.62224459
v 0.96672391 1.11278963 -1.65262019
v 0.88260603 1.11422145 -1.65092968
v 0.95155662 1.12677252 -1.68277108
v 0.8671621 1.13880074 -1.67351126
v 0.93785834 1.15248835 -1.70575499
v 0.85496282 1.1710416 -1.68775117
v 0.92723351 1.18533694 -1.71897184
v 0.84796041 1.20660722 -1.6917628
v 0.92021805 1.21996843 -1.7225666
v 0.8451069 1.24149715 -1.68716538
v 0.91647774 1.25488281 -1.71742808
v 0.84593921 1.27426409 -1.67412078
v 0.91647297 1.28736257 -1.70423817
v 0.85087978 1.30237662 -1.6531558
v 0.92096459 1.31511509 -1.68363094
v 0.85995656 1.32223713 -1.62585806
v 0.92978513 1.33489584 -1.65658438
v 0.87244939 1.33186352 -1.5945208
v 0.94202268 1.34436702 -1.62586915
v 0.8868274 1.33090746 -1.56240677
v 0.80137777 1.3238368 -1.56316471
v 0.81653827 1.3223735 -1.53031897
v 0.83257013 1.3115077 -1.49896585
v 0.90199106 1.32070982 -1.53170657
v 0.8487302 1.29042053 -1.47186029
v 0.91716498 1.30184292 -1.50467515
v 0.86334919 1.26298093 -1.45132803
v 0.93104541 1.27632141 -1.4838413
v 0.87579846 1.23198747 -1.43824791
v 0.7955991 1.24829375 -1.4189217
v 0.80977064 1.21569025 -1.4063692
v 0.82090318 1.18100547 -1.40418231
v 0.88550764 1.19887673 -1.43444967
v 0.82831454 1.14821898 -1.41059398
v 0.89189475 1.16629672 -1.43964481
v 0.8322789 1.11853528 -1.42412161
v 0.89440959 1.13631999 -1.45298373
v 0.83158689 1.09363126 -1.44468486
v 0.89163035 1.11121177 -1.47422039
v 0.82482039 1.0757153 -1.47055625
v 0.88350224 1.09347879 -1.50088989
v 0.81295603 1.06602513 -1.49877369
v 0.87150859 1.08354663 -1.52946686
v 0.79714846 1.06480932 -1.5272293
v 0.85616207 1.08098256 -1.55901801
v 0.77803295 1.07244145 -1.55426633
v 0.83701467 1.08704376 -1.58836805
v 0.75675439 1.08901226 -1.57881677
v 0.81688314 1.10337221 -1.6146717
v 0.73637926 1.11318266 -1.59962308
v 0.79949909 1.12756192 -1.63660383
v 0.71944856 1.14358496 -1.61544311
v 0.7852301 1.15792202 -1.65275836
v 0.70699328 1.17892158 -1.62359666
v 0.77572655 1.19403338 -1.65918803
v 0.70069032 1.21600306 -1.62050724
v 0.7723903 1.23017871 -1.65529811
v 0.70016819 1.25006139 -1.60800564
v 0.77346169 1.26362061 -1.64321208
v 0.70426189 1.27974903 -1.58813953
v 0.77824747 1.29296541 -1.62339675
v 0.71343749 1.30240476 -1.56089413
v 0.78788501 1.31412029 -1.59546518
v 0.72753757 1.31361937 -1.52840876
v 0.63963306 1.28340041 -1.5222038
v 0.65382629 1.29544508 -1.48994684
v 0.67198896 1.29460692 -1.45702838
v 0.74455034 1.31155085 -1.4954009
v 0.69174057 1.28185832 -1.42730999
v 0.76243805 1.29847133 -1.4650501
v 0.71133166 1.26016235 -1.40245127
v 0.77970337 1.27661371 -1.43915355
v 0.73019492 1.23097789 -1.38330328
v 0.644764 1.23740708 -1.36377465
v 0.66631406 1.20748817 -1.34693777
v 0.68484747 1.17171168 -1.33925652
v 0.7466554 1.1957395 -1.37326014
v 0.69971984 1.13549494 -1.34012293
v 0.75911074 1.16004574 -1.37289202
v 0.71081489 1.10165417 -1.34837901
v 0.76805979 1.12677741 -1.38009357
v 0.71779269 1.07142031 -1.36289072
v 0.77367204 1.09673583 -1.39403331
v 0.7195611 1.04583048 -1.38313531
v 0.77439254 1.07139563 -1.41448462
v 0.71455013 1.02709353 -1.40865612
v 0.76877123 1.05334401 -1.44001901
v 0.70296979 1.0175445 -1.43688845
v 0.75719857 1.04388713 -1.46812629
v 0.68634533 1.01772177 -1.46451282
v 0.74109327 1.04349863 -1.49591946
v 0.66640752 1.02687001 -1.48929762
v 0.7214415 1.05187642 -1.5215739
v 0.64381849 1.04391634 -1.51095128
v 0.69931924 1.06853747 -1.54434764
v 0.61981225 1.06865596 -1.5288378
v 0.67690366 1.09317565 -1.56379044
v 0.59719467 1.09937655 -1.54180026
v 0.65696597 1.12416279 -1.5783801
v 0.57843112 1.13376748 -1.54797995
v 0.64130914 1.15888977 -1.58593475
v 0.5650081 1.16989076 -1.5458666
v 0.6311168 1.19555676 -1.58419394
v 0.55833661 1.20532786 -1.53329658
v 0.62780964 1.23081958 -1.57142257
v 0.55928123 1.23588264 -1.51106917
v 0.63082367 1.26092815 -1.55012011
v 0.56727087 1.25847065 -1.48220741
v 0.49147656 1.20369744 -1.47095704
v 0.4985688 1.22625148 -1.44142949
v 0.5130133 1.23810112 -1.4086312
v 0.58146035 1.27088284 -1.44958603
v 0.53294259 1.2381984 -1.37649154
v 0.60066425 1.27085137 -1.41678631
v 0.55592727 1.22787594 -1.34791171
v 0.62246453 1.25894916 -1.38752102
v 0.58043319 1.20732653 -1.32530105
v 0.49367454 1.19134938 -1.30920875
v 0.51951354 1.17263174 -1.28711497
v 0.54536783 1.14462769 -1.27323007
v 0.60431832 1.17819118 -1.31038963
v 0.56880366 1.11013329 -1.2689166
v 0.62560933 1.14316499 -1.30428862
v 0.58769249 1.07425534 -1.27323114
v 0.64286118 1.10673427 -1.3068614
v 0.60121423 1.04112076 -1.28373301
v 0.65527629 1.0729742 -1.31638693
v 0.6100825 1.01173234 -1.2989639
v 0.66314256 1.0431782 -1.33124029
v 0.61394029 0.98626548 -1.31921553
v 0.66587603 1.01770865 -1.35127234
v 0.61071205 0.96664255 -1.3451358
v 0.66176253 0.99846863 -1.37687051
v 0.59919279 0.95660293 -1.37417185
v 0.65023672 0.98865973 -1.40551853
v 0.58131456 0.957286 -1.40177917
v 0.63296258 0.98931157 -1.43308496
v 0.55992132 0.96657306 -1.42538821
v 0.61228507 0.99891519 -1.45718252
v 0.53613722 0.98267573 -1.44534778
v 0.58939319 1.01563441 -1.47777807
v 0.51027923 1.00596594 -1.46084237
v 0.56459879 1.03950822 -1.4945302
v 0.48411542 1.03571951 -1.47007715
v 0.53988742 1.06975424 -1.5058968
v 0.46069175 1.06854832 -1.47213006
v 0.51847672 1.10373389 -1.51003122
v 0.44274511 1.1024028 -1.46670508
v 0.50248593 1.13866651 -1.50612807
v 0.43138629 1.13597774 -1.45311069
v 0.4928514 1.17312359 -1.49339079
v 0.42811733 1.16626644 -1.43071055
v 0.37354216 1.09618556 -1.41282963
v 0.36925175 1.12609767 -1.39058578
v 0.37499791 1.14873993 -1.36096704
v 0.43460959 1.18855691 -1.40078139
v 0.39008325 1.16016864 -1.32851457
v 0.44946986 1.19985902 -1.36812436
v 0.41104149 1.16060614 -1.2979623
v 0.4698871 1.200194 -1.33697128
v 0.43532586 1.15208399 -1.27107524
v 0.35491633 1.12146127 -1.25920903
v 0.37940946 1.11327683 -1.23280644
v 0.40672496 1.09663045 -1.21131229
v 0.46179911 1.134956 -1.24939429
v 0.43560561 1.07116234 -1.19763779
v 0.48922872 1.10857093 -1.23553645
v 0.46297225 1.03826761 -1.19453215
v 0.51451599 1.0745939 -1.23242056
v 0.48516097 1.00309503 -1.20097577
v 0.53504115 1.0391556 -1.23806488
v 0.50147879 0.96991401 -1.21327865
v 0.54989963 1.00640809 -1.24965131
v 0.51232159 0.93977022 -1.22989237
v 0.55975037 0.97701853 -1.26564419
v 0.51713186 0.9128465 -1.25143289
v 0.56428462 0.95118647 -1.28645515
v 0.51407152 0.89145809 -1.27819955
v 0.56152731 0.93086141 -1.3126899
v 0.50169992 0.87947815 -1.30822396
v 0.54991138 0.92001408 -1.34221184
v 0.48197928 0.87863576 -1.33646154
v 0.53120291 0.9204455 -1.36991775
v 0.45825311 0.88707399 -1.36019241
v 0.50895261 0.92927175 -1.39325368
v 0.43137154 0.90290236 -1.37939691
v 0.48374208 0.94506347 -1.41277718
v 0.40259382 0.92641997 -1.39156854
v 0.45663937 0.96820557 -1.42640912
v 0.37382125 0.95592248 -1.39828956
v 0.42910942 0.99713814 -1.43398928
v 0.3488751 0.98939776 -1.3970524
v 0.40425905 1.02928984 -1.43496596
v 0.33006617 1.02354884 -1.38817024
v 0.38542592 1.06338524 -1.42747247
v 0.3178597 1.05609452 -1.37314713
v 0.27475222 0.98441326 -1.34857678
v 0.26238942 1.01769578 -1.33359742
v 0.25809645 1.04769408 -1.31119549
v 0.3134115 1.08600723 -1.35084581
v 0.26349902 1.0705738 -1.28214037
v 0.31877949 1.10896706 -1.32163083
v 0.2786321 1.08234369 -1.25027322
v 0.33371651 1.12081253 -1.28948307
v 0.29983273 1.08314395 -1.22025179
v 0.223229 1.04381978 -1.20903873
v 0.24524815 1.04492342 -1.1794337
v 0.27213493 1.0364871 -1.15388572
v 0.32479086 1.07525777 -1.19381785
v 0.30196926 1.01934862 -1.13404321
v 0.35354563 1.05859231 -1.17245638
v 0.33359277 0.99521851 -1.12083351
v 0.3838053 1.03356218 -1.15912962
v 0.36559316 0.96505063 -1.11631345
v 0.4132424 1.00172436 -1.1555165
v 0.3920843 0.9308862 -1.12235117
v 0.43773961 0.9668383 -1.16199326
v 0.41085287 0.89756178 -1.13490402
v 0.45557618 0.93338698 -1.1744008
v 0.42216026 0.86575704 -1.1525613
v 0.46740636 0.90176421 -1.19105351
v 0.42471239 0.83690476 -1.17531621
v 0.47179234 0.87311512 -1.21339464
v 0.41800716 0.81368339 -1.20258796
v 0.46642056 0.8510549 -1.24127149
v 0.40334051 0.79865634 -1.2320131
v 0.45283326 0.83767086 -1.27129983
v 0.38098996 0.79451555 -1.26084423
v 0.43193072 0.83495736 -1.30028367
v 0.35346612 0.8016588 -1.28548038
v 0.40618437 0.84320581 -1.3249135
v 0.32382983 0.81872344 -1.30340445
v 0.3780156 0.85962224 -1.34360599
v 0.29369777 0.84402263 -1.3144257
v 0.34820136 0.88427954 -1.35529995
v 0.26436987 0.8759368 -1.31867396
v 0.31894078 0.91534787 -1.35991966
v 0.2390248 0.91143125 -1.31601786
v 0.2938005 0.94988286 -1.35731077
v 0.21948902 0.9462623 -1.3073883
v 0.18444596 0.87304544 -1.27222669
v 0.16423009 0.90700548 -1.26319932
v 0.15039461 0.93957859 -1.24776911
v 0.20628827 0.97956949 -1.29238688
v 0.1456781 0.96897292 -1.2245059
v 0.20162893 1.00945985 -1.26984989
v 0.15222908 0.99111723 -1.19487392
v 0.207558 1.03218138 -1.24051761
v 0.16838398 1.00333941 -1.16383671
v 0.09874175 0.94569712 -1.14477384
v 0.1165223 0.95819842 -1.11404514
v 0.14302137 0.95952576 -1.08668816
v 0.19231596 1.00474453 -1.13491725
v 0.17402486 0.95310461 -1.0636214
v 0.22137898 0.99584984 -1.11102175
v 0.2089131 0.93909239 -1.04582214
v 0.25306436 0.97951978 -1.09276986
v 0.24639973 0.91655463 -1.03588223
v 0.28723186 0.95615923 -1.08089089
v 0.28168276 0.88817119 -1.0343256
v 0.32081919 0.9266951 -1.07751953
v 0.31087258 0.85777568 -1.03953206
v 0.34899637 0.89482432 -1.08217346
v 0.33271449 0.82667052 -1.05074238
v 0.36981645 0.86245346 -1.09349668
v 0.34561729 0.79529959 -1.06831765
v 0.38196802 0.83061367 -1.11107707
v 0.3473885 0.76618665 -1.09162807
v 0.38376206 0.80147141 -1.13456141
v 0.33798039 0.74209737 -1.11831283
v 0.37531375 0.77765578 -1.16186201
v 0.31843209 0.72537028 -1.14625501
v 0.35754546 0.76196563 -1.19052672
v 0.29078999 0.71991354 -1.17263412
v 0.3331781 0.7561329 -1.21811974
v 0.25897526 0.72524333 -1.19539272
v 0.30354288 0.76175403 -1.24212896
v 0.22480046 0.74034065 -1.21371936
v 0.27146694 0.7785151 -1.2601403
v 0.19010701 0.76624637 -1.22487366
v 0.23976382 0.80490243 -1.27099859
v 0.15782654 0.79857814 -1.22869253
v 0.21010662 0.83793836 -1.27503204
v 0.13108378 0.83202862 -1.2250849
v 0.11227068 0.75599777 -1.17956471
v 0.08300022 0.78628367 -1.17459011
v 0.06010433 0.8164227 -1.16324496
v 0.10992263 0.86453849 -1.21541774
v 0.04540598 0.84616196 -1.14482092
v 0.09554558 0.89589184 -1.19894909
v 0.04135472 0.87351334 -1.11985576
v 0.09145811 0.9241603 -1.17447388
v 0.04964907 0.89545071 -1.0903536
v 0.00279244 0.8164137 -1.06075966
v 0.0118618 0.83885562 -1.03270185
v 0.03463827 0.85243165 -1.00528574
v 0.0709879 0.90767419 -1.06052112
v 0.06468883 0.85630619 -0.98237603
v 0.09991919 0.9097411 -1.03525757
v 0.09840273 0.85430526 -0.96262121
v 0.13272404 0.90569597 -1.01355361
v 0.13727669 0.84489136 -0.94693684
v 0.1705088 0.89515936 -0.99572175
v 0.17787981 0.82655477 -0.93878978
v 0.21081017 0.87440234 -0.98714017
v 0.21536672 0.80203247 -0.93873471
v 0.2474161 0.84757602 -0.98687285
v 0.24605269 0.77496469 -0.9452815
v 0.27752447 0.81862628 -0.99287825
v 0.26957041 0.74638855 -0.95748466
v 0.30013364 0.78863692 -1.0047518
v 0.28418806 0.71705013 -0.97612512
v 0.31368857 0.75800377 -1.02265799
v 0.28591927 0.68908226 -1.0017817
v 0.31573879 0.72889858 -1.04631888
v 0.27451407 0.66704827 -1.02998697
v 0.30500888 0.70549881 -1.07387387
v 0.25295317 0.65288418 -1.05722296
v 0.28368145 0.6904174 -1.10126805
v 0.22385142 0.64705401 -1.08228325
v 0.25462973 0.68464344 -1.12658274
v 0.18915619 0.64974099 -1.103845
v 0.22087152 0.6888346 -1.14848125
v 0.15022058 0.66158598 -1.12020182
v 0.18423944 0.70321637 -1.16569757
v 0.11043203 0.68278437 -1.12831974
v 0.14710238 0.7267012 -1.17675185
v 0.07416105 0.70792704 -1.12823641
v 0.0815665 0.63324195 -1.07949233
v 0.0442292 0.65468323 -1.07620513
v 0.01266641 0.67907184 -1.06577599
v 0.04318089 0.73444515 -1.12102425
v -0.00921481 0.70567125 -1.04821693
v 0.01952255 0.7622689 -1.10694432
v -0.02140988 0.73186183 -1.02648198
v 0.00594827 0.79013896 -1.08613169
v -0.0250955 0.75739979 -1.00179719
v -0.04205911 0.6741088 -0.96903377
v -0.04675616 0.69894856 -0.94488662
v -0.03938651 0.7218064 -0.91817021
v -0.01616271 0.78033179 -0.97468257
v -0.01861426 0.73730909 -0.89313936
v 0.0057706 0.79558777 -0.94918549
v 0.01056699 0.74349618 -0.87360262
v 0.03581179 0.8009296 -0.92847263
v 0.04351513 0.74257707 -0.8590489
v 0.0694055 0.7998808 -0.91134786
v 0.07969296 0.73568898 -0.84848552
v 0.10723526 0.79140943 -0.89859306
v 0.11851125 0.72185427 -0.84307801
v 0.1469589 0.77504825 -0.8916381
v 0.15605522 0.70058894 -0.84524619
v 0.18449288 0.7520014 -0.89222592
v 0.18661849 0.67552959 -0.85491889
v 0.21486787 0.72620701 -0.90004748
v 0.20990906 0.65023988 -0.86980462
v 0.23819358 0.69962382 -0.91299498
v 0.22551289 0.62454599 -0.8905062
v 0.25417918 0.67202264 -0.93198967
v 0.23006559 0.60013306 -0.91692239
v 0.25770196 0.64577043 -0.95818144
v 0.22148336 0.58031088 -0.94611954
v 0.2469891 0.6250633 -0.98743975
v 0.2014887 0.56728625 -0.97361993
v 0.22557975 0.61192256 -1.01505029
v 0.17321386 0.56130009 -0.99698007
v 0.19664365 0.60610848 -1.03935444
v 0.13893759 0.5618059 -1.01487565
v 0.16179642 0.60765713 -1.05936682
v 0.10026224 0.56851154 -1.02608048
v 0.12253636 0.61669683 -1.07358706
v 0.05971453 0.58151286 -1.02942895
v 0.08257138 0.51712489 -0.98122763
v 0.04234321 0.52887088 -0.9820522
v 0.0041769 0.54706525 -0.97369211
v 0.02152373 0.60029691 -1.02407336
v -0.02634433 0.56952017 -0.9579969
v -0.00938817 0.62386679 -1.01045239
v -0.04774576 0.59324634 -0.93840658
v -0.02963545 0.6492908 -0.99083155
v -0.0612589 0.61679488 -0.91629815
v -0.06602949 0.53578585 -0.89227592
v -0.08027234 0.55757027 -0.86897075
v -0.0868996 0.57898485 -0.84288281
v -0.06713768 0.64027673 -0.89136445
v -0.08189009 0.59859067 -0.8139317
v -0.06118661 0.66158813 -0.86388897
v -0.06235521 0.61200791 -0.78704822
v -0.04120321 0.67620265 -0.83835291
v -0.03442522 0.61752218 -0.76745516
v -0.01283624 0.68250042 -0.81898415
v -0.00290527 0.61837071 -0.75285065
v 0.01927761 0.6829335 -0.80459666
v 0.0329051 0.61483651 -0.74276626
v 0.0549804 0.67738711 -0.79538565
v 0.07319823 0.60422259 -0.74094384
v 0.09356646 0.665039 -0.79242956
v 0.11249495 0.58689487 -0.74836969
v 0.13128256 0.64589834 -0.79717308
v 0.14579646 0.56557309 -0.76310646
v 0.16279518 0.62261587 -0.80924469
v 0.17115998 0.54304164 -0.78327137
v 0.18711328 0.598526 -0.82662338
v 0.18744039 0.52037775 -0.80818313
v 0.20308131 0.57453131 -0.84913337
v 0.19287774 0.49860438 -0.83700978
v 0.20814886 0.55151331 -0.8765676
v 0.1857413 0.47977423 -0.86726069
v 0.20069153 0.5322656 -0.90588694
v 0.16675329 0.46615833 -0.89505618
v 0.18166782 0.51895159 -0.93326044
v 0.13889572 0.45879787 -0.91734927
v 0.15401861 0.51223772 -0.95576411
v 0.10515347 0.45756107 -0.93289786
v 0.12045807 0.51177018 -0.97209191
v 0.06720499 0.46236249 -0.94105845
v 0.09223413 0.39932343 -0.89859563
v 0.05276697 0.40384557 -0.90645146
v 0.0107505 0.41537156 -0.90557807
v 0.02660197 0.47371602 -0.94068867
v -0.02959887 0.43322381 -0.89470481
v -0.01257226 0.49166354 -0.93079894
v -0.062075 0.45410585 -0.87589883
v -0.04393956 0.51341772 -0.91345733
v -0.08533466 0.4752582 -0.85307377
v -0.0819735 0.39118045 -0.8447538
v -0.10641403 0.41249528 -0.8197453
v -0.1221633 0.43299418 -0.79222631
v -0.10046792 0.49595958 -0.82803505
v -0.12930329 0.45225149 -0.76276624
v -0.10746292 0.51607298 -0.80032861
v -0.1253371 0.46980977 -0.73084282
v -0.10300048 0.53423899 -0.77009898
v -0.10550171 0.48124697 -0.70144987
v -0.08358367 0.54633736 -0.74170392
v -0.07619023 0.48590749 -0.67944288
v -0.05514666 0.55101746 -0.72089988
v -0.04237996 0.4866113 -0.66324657
v -0.02311072 0.55173701 -0.7056061
v -0.00300818 0.48411288 -0.65134638
v 0.01426088 0.54941237 -0.69448465
v 0.04142317 0.47568506 -0.64738649
v 0.0569198 0.54010236 -0.6928966
v 0.08594873 0.45914763 -0.65618974
v 0.09836899 0.52380007 -0.70124322
v 0.12318174 0.43807509 -0.67547535
v 0.13370563 0.50350356 -0.71780049
v 0.15052717 0.41623958 -0.70110195
v 0.1602714 0.48194178 -0.74054539
v 0.16871175 0.395408 -0.73057276
v 0.17750173 0.46055176 -0.76791477
v 0.17587737 0.37554919 -0.76389104
v 0.18295088 0.4400545 -0.79933017
v 0.169385 0.35848668 -0.79858392
v 0.17554277 0.42241534 -0.83118844
v 0.14894843 0.34588861 -0.83000958
v 0.15605863 0.40894198 -0.86025464
v 0.11782727 0.33854517 -0.85372263
v 0.12719114 0.40111216 -0.88307124
v 0.08037945 0.33696112 -0.86950171
v 0.10779784 0.27107781 -0.82751864
v 0.06793973 0.26999396 -0.84365451
v 0.02422721 0.27439388 -0.85132652
v 0.03876333 0.34142729 -0.87750375
v -0.02236348 0.28503686 -0.85111779
v -0.00565679 0.35249185 -0.87680107
v -0.06720048 0.30308818 -0.83891844
v -0.0480686 0.37014076 -0.86522316
v -0.10296085 0.32503163 -0.8170619
v -0.08558597 0.23270998 -0.80887848
v -0.12363278 0.25523677 -0.7879973
v -0.15043883 0.27902776 -0.76042807
v -0.1284548 0.34708398 -0.79020702
v -0.16748139 0.30200165 -0.72967785
v -0.14540517 0.36783373 -0.76073753
v -0.17396505 0.32368737 -0.69552153
v -0.15310758 0.38768637 -0.72866833
v -0.16582681 0.34113189 -0.66028815
v -0.14706279 0.40517482 -0.69455158
v -0.14482396 0.35350811 -0.6290394
v -0.12700982 0.41693204 -0.66403627
v -0.1144209 0.36027899 -0.60406202
v -0.09670121 0.42239198 -0.64043641
v -0.07787933 0.36169278 -0.58499825
v -0.06092 0.42332539 -0.62311512
v -0.0356572 0.35875263 -0.57165932
v -0.01998591 0.42083346 -0.61056029
v 0.01142016 0.34934231 -0.56772488
v 0.02628619 0.4121336 -0.60649603
v 0.05888331 0.33212941 -0.57712662
v 0.07264361 0.3949106 -0.61622035
v 0.09868967 0.30969101 -0.59906917
v 0.1109053 0.37272003 -0.63716852
v 0.12825006 0.28593474 -0.62838703
v 0.13943345 0.34969279 -0.6642031
v 0.14715471 0.26253303 -0.66230487
v 0.15825367 0.32772338 -0.69583648
v 0.15450383 0.24050818 -0.69919419
v 0.16667057 0.30747675 -0.73103946
v 0.14891913 0.22146514 -0.73745095
v 0.16129361 0.29002597 -0.76852339
v 0.12843927 0.2074799 -0.77300947
v 0.14030946 0.2777588 -0.80203634
v 0.09495785 0.20049096 -0.79973518
v 0.11706585 0.13842633 -0.74048137
v 0.08251413 0.12839892 -0.76683604
v 0.04020556 0.12621028 -0.78166741
v 0.0538426 0.19941411 -0.81539917
v -0.00605621 0.13095477 -0.78657299
v 0.00873326 0.20368135 -0.82240808
v -0.05505561 0.1423358 -0.78384429
v -0.03913287 0.21459291 -0.82071524
v -0.1030431 0.16163256 -0.77200388
v -0.0710501 0.07107168 -0.74186283
v -0.12205766 0.09338217 -0.73042291
v -0.16204367 0.12084325 -0.71047121
v -0.14236266 0.18619397 -0.75201171
v -0.18938234 0.14968563 -0.68495631
v -0.17057363 0.21240782 -0.72575748
v -0.2063343 0.17786136 -0.65628296
v -0.18679286 0.23803566 -0.69464236
v -0.21247829 0.20406572 -0.62434548
v -0.19103169 0.26148828 -0.66059303
v -0.20404002 0.22575554 -0.58947163
v -0.18235817 0.2807815 -0.62612217
v -0.18054987 0.23880648 -0.55705571
v -0.16083295 0.29403901 -0.59444463
v -0.14941 0.24423721 -0.53116625
v -0.13090962 0.30053523 -0.56876891
v -0.11211544 0.24420841 -0.51064389
v -0.09471495 0.30199205 -0.54782098
v -0.06820488 0.23794442 -0.49767571
v -0.05176217 0.29808616 -0.53322774
v -0.01909995 0.22547254 -0.4950833
v -0.00368738 0.28716397 -0.52980524
v 0.03132303 0.20810677 -0.5046556
v 0.04481699 0.26968222 -0.53968554
v 0.07582445 0.18708239 -0.52631121
v 0.08717597 0.24778266 -0.56174528
v 0.10841232 0.16294479 -0.55720251
v 0.11662945 0.22339873 -0.59373366
v 0.127844 0.13773027 -0.59323507
v 0.13477948 0.19951178 -0.62898349
v 0.13556936 0.11267991 -0.6306107
v 0.14179404 0.17649029 -0.66643792
v 0.13042183 0.08805157 -0.6684097
v 0.13649787 0.15560543 -0.70467567
v 0.10858294 0.06733271 -0.70285683
v 0.12604968 0.0198602 -0.62460017
v 0.10057085 -0.00401353 -0.65612942
v 0.06176721 -0.01755482 -0.67787456
v 0.07194497 0.0552386 -0.72726756
v 0.01659504 -0.02093399 -0.69096881
v 0.02791423 0.05246352 -0.74007344
v -0.03390954 -0.01457655 -0.6977818
v -0.01920628 0.05768957 -0.74431419
v -0.08984354 0.00317733 -0.69657778
v -0.05157607 -0.08209723 -0.64528882
v -0.1121279 -0.06103044 -0.64683991
v -0.16861841 -0.03145341 -0.63648897
v -0.14375689 0.02917964 -0.68515831
v -0.20944559 0.00259487 -0.61489248
v -0.18517145 0.05957108 -0.66543418
v -0.23625247 0.03548754 -0.59094309
v -0.21265746 0.09080103 -0.64104288
v -0.25454494 0.06679214 -0.56637388
v -0.23032774 0.12107248 -0.61424648
v -0.2608214 0.09700595 -0.53756797
v -0.23580715 0.14928244 -0.58377796
v -0.2488694 0.12103533 -0.50588333
v -0.22668688 0.17233072 -0.55063384
v -0.22189813 0.13331849 -0.4787428
v -0.20185942 0.18503724 -0.51961445
v -0.18765172 0.13840977 -0.45582377
v -0.16886068 0.18899984 -0.49439013
v -0.14674721 0.13782145 -0.43703323
v -0.1298535 0.18768362 -0.47532182
v -0.09941981 0.13155648 -0.42434349
v -0.08450853 0.1811027 -0.46306365
v -0.04517201 0.11850898 -0.42078951
v -0.03312005 0.16888332 -0.45997396
v 0.01039147 0.09962561 -0.42942127
v 0.02000861 0.15098805 -0.46936973
v 0.05790397 0.07687874 -0.4487358
v 0.06576223 0.12926468 -0.49019458
v 0.09372318 0.04988184 -0.47576114
v 0.10014998 0.10443275 -0.51956206
v 0.11686039 0.02040729 -0.50560182
v 0.12258376 0.07742793 -0.55282235
v 0.12726414 -0.0122226 -0.5381062
v 0.13267108 0.04882634 -0.58814686
v 0.11969582 -0.04544656 -0.57135415
v 0.1249151 -0.06696043 -0.47875914
v 0.11264013 -0.10406978 -0.50879579
v 0.08103224 -0.13091655 -0.53346377
v 0.09146729 -0.07143394 -0.59933418
v 0.03903095 -0.1465708 -0.55392855
v 0.05122577 -0.08622159 -0.61992633
v -0.01231869 -0.15131005 -0.57321405
v 0.00391119 -0.09024338 -0.63547939
v -0.07208419 -0.1421919 -0.58819907
v -0.02976449 -0.20239588 -0.50931215
v -0.09333638 -0.19465798 -0.52690225
v -0.16115716 -0.17153282 -0.53166818
v -0.13627976 -0.11963447 -0.59205126
v -0.21884799 -0.13700039 -0.52009457
v -0.19393071 -0.08690076 -0.58124941
v -0.25692972 -0.09839672 -0.49814474
v -0.23347106 -0.05045205 -0.55917114
v -0.2815639 -0.06280071 -0.47624635
v -0.25959962 -0.01599737 -0.53580349
v -0.29787761 -0.02969236 -0.45513954
v -0.27695229 0.01617543 -0.51298749
v -0.30216547 0.00355052 -0.43052509
v -0.2829529 0.0482795 -0.48630291
v -0.28890472 0.03266156 -0.40297159
v -0.27008992 0.07490933 -0.45637443
v -0.25701052 0.04557541 -0.38075715
v -0.23987539 0.08672886 -0.43231782
v -0.22113968 0.05319586 -0.36120462
v -0.20465105 0.09307494 -0.41143015
v -0.17945617 0.05514991 -0.34397551
v -0.16304208 0.09396699 -0.39360949
v -0.12881101 0.04952019 -0.33086842
v -0.11399154 0.0878121 -0.38061785
v -0.06806072 0.03480427 -0.32555457
v -0.05640196 0.07386746 -0.37582215
v -0.0072311 0.01359025 -0.3307721
v 0.00192944 0.0541478 -0.3828901
v 0.0437985 -0.01240678 -0.34491029
v 0.05133914 0.03000506 -0.40027293
v 0.081702 -0.04216759 -0.36355307
v 0.08847781 0.00149607 -0.42367512
v 0.10885492 -0.0764951 -0.38525033
v 0.11367043 -0.03057609 -0.44969549
v 0.1178608 -0.11664463 -0.4122169
v 0.09881041 -0.11896576 -0.31716483
v 0.10529023 -0.1616908 -0.34255534
v 0.0862746 -0.19790956 -0.36966741
v 0.10190523 -0.15389546 -0.43971145
v 0.05203212 -0.22335578 -0.39508685
v 0.06821107 -0.18048381 -0.46364599
v 0.00799416 -0.23977194 -0.42037203
v 0.02472657 -0.19625374 -0.48618495
v -0.04727721 -0.24686163 -0.44636312
v -0.0099539 -0.28263086 -0.35849717
v -0.06599286 -0.29047384 -0.38727644
v -0.13376908 -0.28491425 -0.40725168
v -0.11372841 -0.24060267 -0.46579766
v -0.20433861 -0.26172035 -0.40921285
v -0.18422719 -0.21753741 -0.46945899
v -0.26139876 -0.2240314 -0.39255505
v -0.24093189 -0.18138964 -0.4552564
v -0.29847705 -0.18280133 -0.3694657
v -0.27835142 -0.14170819 -0.43335634
v -0.32212618 -0.14526923 -0.34939822
v -0.30212992 -0.10547117 -0.41314551
v -0.33827066 -0.10927912 -0.33134701
v -0.31772956 -0.0710129 -0.39392459
v -0.34253734 -0.0725154 -0.31041941
v -0.32167792 -0.03592562 -0.37154075
v -0.32933726 -0.03872795 -0.28574529
v -0.30793726 -0.00447425 -0.34588965
v -0.29609718 -0.02326985 -0.26440152
v -0.27521798 0.00959091 -0.32461202
v -0.2584306 -0.01326487 -0.24493517
v -0.23879222 0.01824173 -0.30546382
v -0.21291513 -0.01045005 -0.22766651
v -0.19558177 0.02098084 -0.28841367
v -0.15850222 -0.01785925 -0.21505007
v -0.14284057 0.01518114 -0.27538994
v -0.09618438 -0.03382379 -0.20846851
v -0.08094383 -0.00027755 -0.26937195
v -0.03322435 -0.05719719 -0.20985478
v -0.01846569 -0.02305732 -0.27248516
v 0.01851888 -0.08580788 -0.21782892
v 0.03267456 -0.05047296 -0.28312712
v 0.05755752 -0.11914426 -0.23067998
v 0.071424 -0.08181818 -0.29796913
v 0.0843741 -0.15876865 -0.24884052
v 0.04248546 -0.15545703 -0.16386675
v 0.06888227 -0.19725886 -0.18276168
v 0.07214102 -0.2428354 -0.20964121
v 0.08948341 -0.20290125 -0.27432456
v 0.04897166 -0.27896758 -0.23896969
v 0.06841184 -0.23947791 -0.30270463
v 0.01457628 -0.3060061 -0.26788964
v 0.03411914 -0.2653653 -0.32993638
v -0.03008588 -0.32488399 -0.29944667
v -0.00371691 -0.34791177 -0.20955841
v -0.05005302 -0.36782485 -0.24360823
v -0.10680476 -0.3781141 -0.27652606
v -0.08616677 -0.33379089 -0.33042782
v -0.17319424 -0.37404251 -0.29754173
v -0.15362085 -0.3289982 -0.35093936
v -0.240309 -0.35135161 -0.29754501
v -0.22244176 -0.30549252 -0.35172638
v -0.29628303 -0.31211146 -0.27705866
v -0.27977076 -0.26714682 -0.33333033
v -0.33629003 -0.26775428 -0.24891743
v -0.31764125 -0.22423611 -0.30774724
v -0.36166033 -0.22798799 -0.22625054
v -0.34197011 -0.18541106 -0.28680276
v -0.37953069 -0.18984906 -0.20712229
v -0.35892856 -0.14801503 -0.26879763
v -0.38909959 -0.15056321 -0.18651031
v -0.36600571 -0.10959557 -0.2485238
v -0.38020944 -0.11166806 -0.1604601
v -0.35396841 -0.07356878 -0.22355154
v -0.34536582 -0.09157487 -0.13661432
v -0.31998503 -0.05588419 -0.20119823
v -0.30375212 -0.08085307 -0.11653392
v -0.28050097 -0.04607781 -0.18177244
v -0.25347769 -0.07800554 -0.09908058
v -0.23259548 -0.04405889 -0.16463032
v -0.19372159 -0.08552352 -0.08609498
v -0.17569856 -0.0513238 -0.15141281
v -0.12886625 -0.10215915 -0.07881132
v -0.11253868 -0.06775907 -0.14455564
v -0.06558927 -0.12564608 -0.07823468
v -0.04969027 -0.09083806 -0.14468714
v -0.01171841 -0.15504054 -0.08442199
v 0.0029993 -0.11978155 -0.15109005
v 0.02821091 -0.19236061 -0.09824907
v -0.02427639 -0.19158458 -0.0169786
v 0.0163472 -0.23027505 -0.03211796
v 0.04241446 -0.27532756 -0.05480546
v 0.05468561 -0.23574937 -0.11867252
v 0.04253855 -0.32329955 -0.08589369
v 0.05611079 -0.28243318 -0.14745712
v 0.01597448 -0.36128413 -0.11895358
v 0.03148539 -0.31947821 -0.17821575
v -0.02178716 -0.39022603 -0.15305173
v -0.00021083 -0.40379631 -0.06142868
v -0.04047117 -0.43245112 -0.09948822
v -0.0892864 -0.45471367 -0.14087882
v -0.06953019 -0.41169408 -0.1905003
v -0.14639528 -0.46720969 -0.17711879
v -0.12696926 -0.42315357 -0.22553791
v -0.21094451 -0.46383693 -0.1969368
v -0.19226811 -0.41861897 -0.24578145
v -0.27465382 -0.44159621 -0.19417998
v -0.25760299 -0.39570486 -0.24433736
v -0.32836777 -0.4048295 -0.17065247
v -0.31290972 -0.35804152 -0.22261323
v -0.37025916 -0.3616704 -0.13677044
v -0.35440418 -0.31319451 -0.19157211
v -0.39929437 -0.3197422 -0.10678713
v -0.38103404 -0.27231267 -0.16642145
v -0.4194459 -0.28160259 -0.08386739
v -0.39987024 -0.23433695 -0.14578819
v -0.43386447 -0.24177019 -0.06077855
v -0.41183677 -0.19500358 -0.1242124
v -0.43244576 -0.2003155 -0.03313761
v -0.40750926 -0.15487492 -0.09796599
v -0.39861676 -0.17182378 -0.00482642
v -0.37250515 -0.13007508 -0.07144356
v -0.35239529 -0.15568606 0.01771449
v -0.32811987 -0.11740353 -0.05020672
v -0.29552936 -0.14954832 0.03516035
v -0.27468541 -0.11350624 -0.03259108
v -0.22919322 -0.15566524 0.04800593
v -0.21132566 -0.12019189 -0.01927151
v -0.15938609 -0.174148 0.05572123
v -0.14447401 -0.13784106 -0.0119873
v -0.0935697 -0.20018686 0.05689071
v -0.07960951 -0.16185419 -0.01090833
v -0.03809004 -0.23072964 0.05103737
v -0.11028908 -0.2406025 0.12562125
v -0.05445715 -0.27191048 0.12011551
v -0.01104776 -0.31149515 0.10325402
v 0.00494421 -0.26940938 0.03579662
v 0.01266043 -0.35943633 0.07395962
v 0.02926996 -0.31640699 0.01008296
v 0.010351 -0.40761375 0.03479149
v 0.02869336 -0.36551418 -0.02418619
v -0.01903071 -0.44570896 -0.00764023
v -0.00875369 -0.45121249 0.08779778
v -0.03746029 -0.48847687 0.04048389
v -0.07813941 -0.51750427 -0.00638764
v -0.06007946 -0.47460576 -0.05076158
v -0.12510891 -0.54075181 -0.05100438
v -0.10818679 -0.49759766 -0.09432531
v -0.1792698 -0.55437022 -0.08589431
v -0.16426543 -0.51039326 -0.13003471
v -0.24227751 -0.55397278 -0.10462506
v -0.2279019 -0.50847274 -0.14945174
v -0.30532211 -0.53405129 -0.09812829
v -0.29111024 -0.48704797 -0.1446293
v -0.35639512 -0.50134611 -0.07029872
v -0.3433558 -0.45264992 -0.11902458
v -0.39703178 -0.46403303 -0.03150958
v -0.38444256 -0.41171973 -0.08314998
v -0.42911472 -0.42372068 0.00718661
v -0.41503372 -0.37015247 -0.04984835
v -0.4533962 -0.38418528 0.0393104
v -0.43728169 -0.33122307 -0.02234505
v -0.47103264 -0.34486773 0.06917902
v -0.45377546 -0.29140546 0.00361721
v -0.47596412 -0.30181294 0.10104832
v -0.45604068 -0.24856227 0.03349719
v -0.4436655 -0.26666101 0.13285739
v -0.42230409 -0.21681506 0.06344604
v -0.39782515 -0.24053749 0.15812042
v -0.37612885 -0.19506587 0.08774513
v -0.33734446 -0.23018787 0.17542673
v -0.31651008 -0.18745568 0.10475485
v -0.26858806 -0.23349674 0.18800531
v -0.24827328 -0.19245027 0.11704444
v -0.19557018 -0.2537916 0.19514657
v -0.17623044 -0.21235439 0.12412702
v -0.13013616 -0.28360128 0.19607833
v -0.21847118 -0.3016285 0.26791891
v -0.15215551 -0.33237034 0.26595488
v -0.09412056 -0.36703491 0.25357836
v -0.07411298 -0.31753125 0.18821646
v -0.04679434 -0.40644526 0.2274193
v -0.03019226 -0.35744124 0.16763794
v -0.02035919 -0.45199137 0.1864199
v -0.00446822 -0.40468305 0.13308195
v -0.02344752 -0.49710577 0.13571135
v -0.02959838 -0.50312095 0.23532083
v -0.03380893 -0.54650157 0.17879773
v -0.06312084 -0.58079284 0.12427092
v -0.05226783 -0.53321576 0.08406834
v -0.10298188 -0.60861897 0.07274087
v -0.0926229 -0.5619533 0.03487164
v -0.14773033 -0.63053053 0.02651478
v -0.13868649 -0.58473914 -0.01012991
v -0.19975559 -0.64402085 -0.00878978
v -0.19164535 -0.59855258 -0.0449717
v -0.26199063 -0.64569181 -0.02614504
v -0.25449636 -0.59888362 -0.06255
v -0.32490629 -0.63091117 -0.01595227
v -0.31690782 -0.5811007 -0.05388122
v -0.3749473 -0.60508644 0.01707033
v -0.36719107 -0.55197483 -0.02391321
v -0.4138979 -0.57632088 0.06111985
v -0.40652808 -0.51850402 0.01652435
v -0.44697955 -0.54226082 0.10961081
v -0.43942606 -0.48088458 0.05996389
v -0.47445952 -0.50361466 0.15512868
v -0.46575686 -0.44212064 0.09976045
v -0.49448862 -0.46350097 0.19878631
v -0.48498043 -0.40227356 0.13544464
v -0.49894771 -0.42074993 0.24018161
v -0.48745572 -0.35882225 0.17160461
v -0.47909078 -0.37932264 0.27817016
v -0.46332117 -0.3192428 0.20567739
v -0.43491414 -0.34916588 0.30741354
v -0.41710057 -0.29090568 0.23200047
v -0.37753441 -0.33488607 0.32680067
v -0.35789695 -0.27862474 0.24970442
v -0.31138232 -0.33689859 0.33812549
v -0.29024422 -0.28151106 0.26178932
v -0.24150644 -0.3563216 0.34089002
v -0.32790982 -0.40522563 0.41285577
v -0.25907054 -0.42231613 0.40987375
v -0.18760781 -0.44895434 0.39613506
v -0.17248563 -0.38702583 0.3340086
v -0.1196642 -0.47964847 0.3715724
v -0.10984277 -0.42068213 0.31547299
v -0.0659646 -0.51603692 0.33196339
v -0.05885472 -0.45897722 0.28258884
v -0.03567277 -0.55854129 0.2788828
v -0.0668556 -0.57767099 0.37744987
v -0.03825273 -0.61775469 0.31952294
v -0.0434837 -0.65649521 0.25520825
v -0.03988518 -0.59962594 0.21820735
v -0.0735514 -0.68706762 0.19262336
v -0.06978368 -0.63202506 0.16039593
v -0.11167064 -0.71090847 0.13502043
v -0.10872493 -0.65849167 0.10595971
v -0.15484766 -0.72872078 0.08485832
v -0.15287299 -0.67874205 0.05793452
v -0.20618861 -0.7402895 0.04696419
v -0.20485244 -0.69147086 0.02146331
v -0.26869261 -0.74392408 0.02954269
v -0.26747703 -0.69391572 0.00464463
v -0.33194807 -0.73520225 0.04393439
v -0.33016648 -0.68197399 0.01745897
v -0.38186651 -0.7177236 0.08247324
v -0.37970301 -0.66058099 0.05333588
v -0.42026886 -0.69716489 0.1326994
v -0.41817796 -0.63570153 0.10013642
v -0.45411384 -0.67170107 0.19120135
v -0.45192492 -0.60529601 0.15404979
v -0.48330441 -0.63788253 0.25093632
v -0.48026597 -0.5687803 0.20637092
v -0.50372052 -0.60200947 0.30716741
v -0.50069224 -0.52969873 0.2564384
v -0.51085507 -0.565319 0.36089479
v -0.50709885 -0.48896992 0.30444985
v -0.4964838 -0.52919048 0.41029378
v -0.49063634 -0.44871953 0.34846147
v -0.45800155 -0.5007959 0.44934734
v -0.44946014 -0.41848397 0.38246282
v -0.40222752 -0.4855628 0.47313764
v -0.3931671 -0.40342956 0.40395072
v -0.33698979 -0.48549386 0.47993704
v -0.40505361 -0.57459908 0.53087127
v -0.33923575 -0.57201224 0.53647834
v -0.26778098 -0.58018785 0.52490377
v -0.26704555 -0.49841252 0.47179395
v -0.1928377 -0.59537369 0.50148695
v -0.19382959 -0.51910531 0.45171964
v -0.12093639 -0.61602288 0.4674777
v -0.12320163 -0.54449898 0.42151385
v -0.06490264 -0.64576011 0.41911149
v -0.11522505 -0.69270134 0.51055735
v -0.05932312 -0.71931541 0.45844852
v -0.03430897 -0.75314104 0.39024946
v -0.03713905 -0.68316096 0.35646173
v -0.04329243 -0.78404927 0.31641471
v -0.04415978 -0.71821171 0.2873387
v -0.07330721 -0.80733078 0.24540536
v -0.07389598 -0.74562555 0.22032983
v -0.10911861 -0.82431888 0.1793847
v -0.11088432 -0.76663547 0.15913164
v -0.15023624 -0.83517152 0.12246703
v -0.1534594 -0.78153669 0.10569237
v -0.20138521 -0.84230786 0.08140731
v -0.20522695 -0.79108798 0.0660765
v -0.26453021 -0.84659528 0.06371064
v -0.26844164 -0.79495722 0.04920119
v -0.32859548 -0.84434014 0.08073005
v -0.33178985 -0.78930866 0.06566262
v -0.37895742 -0.83595913 0.12368555
v -0.38151058 -0.7762736 0.10652326
v -0.41705098 -0.82503914 0.17878159
v -0.41952776 -0.76037257 0.15909269
v -0.45149776 -0.81004744 0.24581751
v -0.45352965 -0.73979985 0.22162823
v -0.48092016 -0.7868343 0.3174023
v -0.4827463 -0.71118646 0.28743678
v -0.5018748 -0.75948303 0.3856866
v -0.50368398 -0.67994135 0.34961912
v -0.51049959 -0.73159301 0.44990071
v -0.51212036 -0.6472907 0.40873402
v -0.49821996 -0.70427662 0.50820088
v -0.49895966 -0.61553585 0.46276906
v -0.46113264 -0.68057614 0.55448937
v -0.46140578 -0.58947384 0.50594764
v -0.40457391 -0.66519558 0.58100688
v -0.45788502 -0.77364921 0.59923291
v -0.40096157 -0.75769704 0.62824022
v -0.33259922 -0.74962663 0.63344389
v -0.33731716 -0.65987402 0.58625543
v -0.258993 -0.75005507 0.6180588
v -0.26471746 -0.6640405 0.57273787
v -0.1822303 -0.75787252 0.5900352
v -0.18860046 -0.67520374 0.54695487
v -0.10818938 -0.77369707 0.5511505
v -0.17272527 -0.84613561 0.63030153
v -0.1000977 -0.85921704 0.58979541
v -0.04596449 -0.88199156 0.52677869
v -0.05274363 -0.79827708 0.49430403
v -0.02458308 -0.90677654 0.44647556
v -0.03001106 -0.82800054 0.42090749
v -0.03599195 -0.92528981 0.36126029
v -0.0405106 -0.85320544 0.34158381
v -0.06373969 -0.9379549 0.27856084
v -0.06881098 -0.87140071 0.26445454
v -0.09730831 -0.94494038 0.2013213
v -0.10364995 -0.88412547 0.19266727
v -0.13714031 -0.9471665 0.13828258
v -0.14445124 -0.89079797 0.13252401
v -0.18758998 -0.94872617 0.09437124
v -0.1952492 -0.89499437 0.08952122
v -0.25139963 -0.95198941 0.07607947
v -0.25949487 -0.89897334 0.07247272
v -0.31572064 -0.954337 0.09490263
v -0.32348686 -0.89931917 0.09112006
v -0.3656888 -0.95382142 0.13990831
v -0.37317597 -0.89526563 0.13515211
v -0.40476134 -0.9517275 0.1988402
v -0.41176188 -0.88918697 0.19246216
v -0.44097593 -0.94752973 0.27555453
v -0.44748202 -0.88001602 0.2643809
v -0.47202247 -0.9353317 0.36053204
v -0.47697135 -0.86181736 0.34216454
v -0.49377915 -0.91883862 0.43961888
v -0.49796703 -0.83932656 0.41624191
v -0.50262534 -0.9034233 0.51409393
v -0.50739443 -0.81703895 0.4857133
v -0.48825714 -0.88701111 0.58264792
v -0.49532094 -0.7946003 0.54925698
v -0.44919687 -0.87058717 0.63660705
v -0.47726309 -0.97901207 0.60545188
v -0.43561306 -0.96911186 0.66298472
v -0.37538117 -0.95981377 0.69858348
v -0.39129054 -0.85592025 0.66955691
v -0.30374768 -0.95165509 0.70922088
v -0.32161319 -0.84586083 0.67631024
v -0.23132696 -0.94667357 0.69388669
v -0.24833981 -0.84215855 0.66004544
v -0.16036319 -0.94708305 0.6654964
v -0.21437166 -1.06632506 0.71910488
v -0.14691001 -1.06608986 0.6950066
v -0.08174026 -1.0661726 0.64883971
v -0.09363456 -0.95537716 0.62289196
v -0.03352464 -1.06690311 0.57765531
v -0.04168592 -0.97070348 0.55621206
v -0.01713571 -1.0679425 0.48392942
v -0.02087175 -0.98840618 0.46748313
v -0.02946138 -1.06838095 0.38079744
v -0.0324216 -0.99968272 0.3747293
v -0.05022855 -1.06783795 0.28437641
v -0.05782809 -1.00386667 0.28481575
v -0.07651966 -1.0668416 0.19740563
v -0.08939892 -1.00482749 0.20266084
v -0.11130014 -1.06604194 0.13029763
v -0.12770038 -1.00428605 0.13659183
v -0.16774475 -1.06555938 0.07676107
v -0.17903101 -1.00435304 0.09100113
v -0.23854731 -1.06585121 0.06050818
v -0.24420598 -1.00669956 0.07362326
v -0.308719 -1.06694984 0.08633634
v -0.30799651 -1.01000607 0.09379202
v -0.35379362 -1.06841516 0.13460117
v -0.35682007 -1.0120635 0.13905303
v -0.39240205 -1.06973743 0.20150154
v -0.39683914 -1.01205349 0.20074559
v -0.42608109 -1.07028496 0.28488183
v -0.43331474 -1.01026904 0.2813225
v -0.45435562 -1.07038176 0.37434363
v -0.4642905 -1.00578427 0.3702363
v -0.478403 -1.07033371 0.46224272
v -0.48719003 -0.99772328 0.45565876
v -0.48645755 -1.06998717 0.54390478
v -0.49393937 -0.98905754 0.53421634
v -0.47007843 -1.06922531 0.61257344
v -0.43040397 -1.06812107 0.67345601
v -0.36840635 -1.06723964 0.71414506
v -0.28955814 -1.06675922 0.72759288
v 2.32902383 1.01344549 -1.26240479
v 2.34106087 1.02512383 -1.20045733
v 2.34303546 1.05846154 -1.25814688
v 2.33946347 1.02419269 -1.2611866
v 2.34882831 1.01937055 -1.24690234
v 2.33262324 1.00847196 -1.249354
v 2.29846143 1.01316654 -1.2802006
v 2.30501651 1.02865147 -1.28837895
v 2.29240608 1.00257694 -1.26646077
v 2.32565641 1.062065 -1.19490551
v 2.32967639 1.04891145 -1.19299101
v 2.35085797 1.04536664 -1.20159745
v 2.3408699 1.06318402 -1.20343649
v 2.32183933 1.02529907 -1.19584941
v 2.32243704 1.01269769 -1.20481956
v 2.34604287 1.01881182 -1.20827734
v 2.35658526 1.02978241 -1.21005559
v 2.34785747 1.03337276 -1.20035958
v 2.32614183 1.03749203 -1.19189786
v 2.34612393 1.046193 -1.25810325
v 2.3135879 1.06012499 -1.28693664
v 2.31563472 1.07593309 -1.27910637
v 2.31636595 1.08853578 -1.26645648
v 2.35088968 1.05802822 -1.24617421
v 2.35622453 1.04310679 -1.24465274
v 2.35278868 1.06250929 -1.23813033
v 2.36001896 1.04337251 -1.23583281
v 2.35878109 1.02921593 -1.23620593
v 2.35449147 1.03181505 -1.2466737
v 2.34380126 1.03561878 -1.26098895
v 2.30979394 1.04426395 -1.29001247
v 2.26051998 1.03474438 -1.30974674
v 2.26672291 1.0534197 -1.31348729
v 2.27180934 1.07385003 -1.31103038
v 2.21371173 1.06454718 -1.33398342
v 2.21936726 1.08717143 -1.33219027
v 2.22173118 1.10858809 -1.32210826
v 2.27321815 1.09320604 -1.30165255
v 2.22080659 1.12599551 -1.30514895
v 2.27191162 1.10945916 -1.28618919
v 2.21793985 1.13743937 -1.2854377
v 2.26987266 1.11935162 -1.27015864
v 2.31533432 1.09635174 -1.25381994
v 2.2672472 1.12445139 -1.25222253
v 2.31318879 1.10018467 -1.23971903
v 2.35220766 1.06563818 -1.22912573
v 2.3621428 1.04444658 -1.22810959
v 2.31005024 1.10005402 -1.22531962
v 2.34935092 1.06665146 -1.21997928
v 2.36132431 1.04535353 -1.21947658
v 2.34638643 1.06498563 -1.21184444
v 2.35904192 1.04505825 -1.21151268
v 2.35983443 1.02784252 -1.21886396
v 2.36041307 1.02788496 -1.22738993
v 2.34792113 1.01459455 -1.21739387
v 2.34954166 1.01357471 -1.2263726
v 2.35081291 1.01536762 -1.23613691
v 2.3259437 1.00319337 -1.22813892
v 2.32952618 1.00364279 -1.23964047
v 2.28485369 0.99755692 -1.23589181
v 2.28818583 0.99743837 -1.25162792
v 2.23730135 0.99784457 -1.24615049
v 2.24117493 0.99838924 -1.26588976
v 2.24674892 1.00562608 -1.28513646
v 2.18909287 1.00355374 -1.27926802
v 2.19416952 1.0119977 -1.30030012
v 2.20006799 1.02594435 -1.31695807
v 2.25361514 1.018206 -1.29992055
v 2.20697975 1.04399502 -1.32815456
v 2.13438534 1.03625536 -1.33125209
v 2.13998842 1.05568099 -1.34335935
v 2.14586901 1.07741951 -1.35052251
v 2.06451106 1.06750798 -1.35399746
v 2.06909298 1.08988988 -1.36183321
v 2.07365536 1.11418736 -1.36301994
v 2.15119671 1.10143971 -1.35012149
v 2.07691001 1.13825357 -1.35405349
v 2.15435051 1.12458372 -1.34033644
v 2.0776484 1.15702331 -1.33624362
v 2.15437531 1.14287793 -1.32256054
v 2.07599353 1.16823434 -1.31405007
v 2.15193724 1.15449678 -1.3010441
v 2.07345938 1.17352974 -1.29055321
v 2.14824914 1.16073715 -1.27833712
v 2.21422672 1.14347612 -1.26442682
v 2.14354848 1.16065609 -1.25471818
v 2.21011924 1.14385879 -1.24368548
v 2.26413607 1.12452364 -1.23404991
v 2.20564627 1.13795769 -1.22377574
v 2.25975632 1.11893129 -1.21729326
v 2.30568361 1.0958358 -1.21200144
v 2.25399351 1.1070249 -1.20285308
v 2.30007386 1.08744072 -1.20135343
v 2.24830651 1.09126091 -1.19386959
v 2.29425883 1.07510101 -1.1930722
v 2.24277591 1.07282495 -1.18895828
v 2.28904271 1.06038737 -1.18875408
v 2.23822164 1.05339562 -1.18813633
v 2.28513884 1.04523718 -1.18865418
v 2.23469376 1.03228855 -1.19364666
v 2.28227186 1.02720284 -1.19269824
v 2.2333579 1.01437115 -1.20710253
v 2.28151583 1.01143634 -1.20326805
v 2.23458004 1.00299155 -1.22588241
v 2.2824099 1.00189065 -1.2194128
v 2.32315921 1.00620234 -1.21650695
v 2.18073129 1.02043926 -1.2119646
v 2.18185257 1.00721335 -1.23263919
v 2.18492054 1.00146091 -1.25597071
v 2.11889815 1.01329863 -1.24033808
v 2.12162637 1.00724291 -1.26574158
v 2.12526583 1.01026392 -1.2910943
v 2.05147934 1.01419472 -1.27396881
v 2.05377507 1.01823246 -1.30030119
v 2.05674052 1.03032338 -1.32322752
v 2.12933278 1.02029895 -1.31343042
v 2.06045079 1.04729878 -1.34157133
v 1.98100328 1.04061186 -1.32870888
v 1.98310101 1.05838525 -1.3457067
v 1.9858129 1.07840383 -1.35760593
v 1.90498435 1.06866729 -1.34299242
v 1.90635693 1.08789849 -1.35445189
v 1.90820097 1.10840368 -1.36329293
v 1.98884439 1.09998357 -1.36601686
v 1.91074931 1.13205659 -1.36718452
v 1.99234879 1.12413871 -1.36866986
v 1.91364395 1.15597593 -1.36117303
v 1.9954499 1.14822995 -1.36119747
v 1.91621494 1.17502284 -1.34448146
v 1.99697804 1.16713869 -1.3439778
v 1.91767144 1.18456316 -1.32132983
v 1.99682736 1.17737543 -1.32101786
v 1.91842162 1.18707335 -1.29738974
v 1.99583649 1.18051791 -1.29731607
v 1.91878366 1.18447148 -1.27363026
v 1.99416744 1.17845487 -1.27339363
v 2.0697267 1.172472 -1.26605665
v 1.99186217 1.16985058 -1.2504419
v 2.06544208 1.16437363 -1.24313938
v 2.13857293 1.15332174 -1.23264324
v 2.0611608 1.14897668 -1.22408211
v 2.13346004 1.13914096 -1.21416735
v 2.20051503 1.1246432 -1.20674634
v 2.12866878 1.11969864 -1.20152235
v 2.19543314 1.1062988 -1.1959505
v 2.12466502 1.0975027 -1.19536352
v 2.19055104 1.08565485 -1.19079053
v 2.12123584 1.07344925 -1.19507539
v 2.18572402 1.06320023 -1.19036805
v 2.11871385 1.04920792 -1.20287931
v 2.18214988 1.04045128 -1.19707334
v 2.11786174 1.02828729 -1.2184062
v 2.05047917 1.0570786 -1.20995056
v 2.04971361 1.03553259 -1.22518456
v 2.05002737 1.02020919 -1.24747479
v 1.97986114 1.04319906 -1.2301346
v 1.97894144 1.02824378 -1.25256562
v 1.97885155 1.02276921 -1.27917206
v 1.90797996 1.03523576 -1.25202643
v 1.90604484 1.03069329 -1.27920031
v 1.90469789 1.03674876 -1.30548822
v 1.9795748 1.0273019 -1.30610072
v 1.90425956 1.05055546 -1.32725441
v 1.83135652 1.04240107 -1.29969883
v 1.82942497 1.05724704 -1.32096767
v 1.82858789 1.07524418 -1.33659648
v 1.75624311 1.05729866 -1.31328356
v 1.75382959 1.07584321 -1.32918989
v 1.75230228 1.09522664 -1.34081077
v 1.82850444 1.09417784 -1.34813058
v 1.75147318 1.11650788 -1.34975612
v 1.82897365 1.11478817 -1.35700118
v 1.75136125 1.14096546 -1.35407125
v 1.83015132 1.13813948 -1.36144077
v 1.75255739 1.16623961 -1.34876918
v 1.83238029 1.16265606 -1.35631561
v 1.7551068 1.18736684 -1.3325752
v 1.83537769 1.18251061 -1.33994758
v 1.75833654 1.19888436 -1.30853509
v 1.8381834 1.19242334 -1.31663191
v 1.76147747 1.20159566 -1.28244292
v 1.84041953 1.195055 -1.29208385
v 1.76433718 1.19723439 -1.25682556
v 1.84226393 1.19241452 -1.26732742
v 1.76692044 1.1862235 -1.23373401
v 1.84348952 1.18237066 -1.24445819
v 1.91847407 1.17532491 -1.25080406
v 1.84412312 1.16628289 -1.22667408
v 1.91747117 1.15991807 -1.2323836
v 1.98939907 1.15441584 -1.23126816
v 1.91613364 1.1404494 -1.21968603
v 1.98696696 1.1346277 -1.21805882
v 2.05743265 1.1289829 -1.21068298
v 1.98481357 1.11235749 -1.21061384
v 2.05437707 1.1060183 -1.20328617
v 1.98290467 1.08855736 -1.20924043
v 2.05208563 1.08144187 -1.20271813
v 1.98123574 1.0644896 -1.21544563
v 1.91351854 1.0956819 -1.21020412
v 1.91192317 1.07161891 -1.21532881
v 1.91009354 1.05010294 -1.22947216
v 1.84234941 1.07623565 -1.20924162
v 1.84037208 1.0539124 -1.2231661
v 1.83763206 1.03877699 -1.24578905
v 1.77013981 1.05311203 -1.21223187
v 1.76701748 1.0373162 -1.23571872
v 1.76327788 1.03333735 -1.26400458
v 1.83433067 1.03497672 -1.27339351
v 1.75949966 1.04157924 -1.29141485
v 1.69098401 1.02632653 -1.25323617
v 1.68650472 1.03456735 -1.28210377
v 1.68240058 1.05127894 -1.30515217
v 1.61070895 1.02674913 -1.2722404
v 1.60671639 1.04431343 -1.29691159
v 1.60381269 1.06546282 -1.31455993
v 1.67911815 1.07105183 -1.32159662
v 1.60194897 1.08858323 -1.32741749
v 1.67689085 1.09197413 -1.33376121
v 1.60106122 1.11345517 -1.33570575
v 1.67576885 1.11474442 -1.3424381
v 1.60108935 1.14000582 -1.33786618
v 1.67524468 1.14012503 -1.34515059
v 1.60222685 1.16710519 -1.33122658
v 1.67579352 1.16586637 -1.33892703
v 1.60453736 1.18944299 -1.31444251
v 1.67802763 1.18736708 -1.32271981
v 1.6077193 1.20283877 -1.28974914
v 1.68130838 1.2002685 -1.29858768
v 1.61112034 1.20615148 -1.26147627
v 1.68483042 1.20323193 -1.27133595
v 1.61415195 1.20011889 -1.23386752
v 1.68811643 1.19826853 -1.24479079
v 1.61687076 1.1874541 -1.20980989
v 1.69123661 1.18648695 -1.22135567
v 1.61935937 1.17048227 -1.19004631
v 1.69416761 1.1702938 -1.20157229
v 1.76944565 1.16989636 -1.21508061
v 1.69663858 1.15014016 -1.18704104
v 1.77138805 1.1495428 -1.20219409
v 1.8443278 1.1461364 -1.21415066
v 1.77245485 1.12706697 -1.19466435
v 1.84413802 1.1243273 -1.2068957
v 1.91483724 1.1187787 -1.21230304
v 1.8435533 1.10081064 -1.20455956
v 1.77294004 1.10244083 -1.19238936
v 1.77220416 1.07651674 -1.19759035
v 1.70015406 1.10005295 -1.17609822
v 1.70014238 1.07236886 -1.18217194
v 1.69839131 1.04765546 -1.1984086
v 1.6257255 1.06715798 -1.16655552
v 1.62381315 1.0410242 -1.18356454
v 1.62010932 1.02369165 -1.20984482
v 1.69515931 1.03107607 -1.22334826
v 1.61548566 1.01807284 -1.24146378
v 1.54571044 1.02113187 -1.19829368
v 1.54071688 1.01569759 -1.23062586
v 1.53549373 1.02370667 -1.26218938
v 1.47091829 1.01250767 -1.22037529
v 1.46467125 1.02103376 -1.25176513
v 1.45885396 1.03786194 -1.27884411
v 1.53107655 1.040344 -1.288769
v 1.45392477 1.0607084 -1.30134534
v 1.52797949 1.06286275 -1.30882155
v 1.45046472 1.08743679 -1.31860423
v 1.52641165 1.08780992 -1.32325553
v 1.44843387 1.11707222 -1.32949614
v 1.52591669 1.11512184 -1.33240044
v 1.44725322 1.14855802 -1.33205688
v 1.52624547 1.14421033 -1.33477115
v 1.44734787 1.17879474 -1.32319736
v 1.52735734 1.17288541 -1.32731771
v 1.44914972 1.20298683 -1.30298101
v 1.52947521 1.19604492 -1.30891776
v 1.45231103 1.21867167 -1.27564001
v 1.53284215 1.20991349 -1.28276825
v 1.45654356 1.22449612 -1.24431049
v 1.53656303 1.21418106 -1.25333857
v 1.46124339 1.21896648 -1.21224486
v 1.53990829 1.20804071 -1.22388386
v 1.46519112 1.20319199 -1.18384802
v 1.54252457 1.19352769 -1.19812691
v 1.46823108 1.18035805 -1.16219747
v 1.54477047 1.17430436 -1.17789197
v 1.47153866 1.15431428 -1.14713418
v 1.54703462 1.1518718 -1.16173577
v 1.62185478 1.14972913 -1.17378044
v 1.54921031 1.12571108 -1.14955067
v 1.62411677 1.12485301 -1.16293656
v 1.69872689 1.12622761 -1.17840683
v 1.62560045 1.09657812 -1.16014182
v 1.55089938 1.09549927 -1.14543783
v 1.55108904 1.06511426 -1.15310275
v 1.4783988 1.09414756 -1.13374567
v 1.4804219 1.06254816 -1.14071261
v 1.48014807 1.03523945 -1.15906512
v 1.54941105 1.03887093 -1.17107307
v 1.47675049 1.01716935 -1.18718528
v 1.41644716 1.02615451 -1.1458888
v 1.41348886 1.0083003 -1.17463576
v 1.40694356 1.00378799 -1.20837783
v 1.35475301 0.99214428 -1.1598562
v 1.34751105 0.98723405 -1.19455707
v 1.33754968 0.99497497 -1.22793626
v 1.39873242 1.01231396 -1.24029552
v 1.32650828 1.0121386 -1.25803566
v 1.39034199 1.02955007 -1.26864302
v 1.31390869 1.03689634 -1.28450036
v 1.38245821 1.05342614 -1.29305458
v 1.30151331 1.06581974 -1.30471348
v 1.37546098 1.08147227 -1.31227624
v 1.29045748 1.0989772 -1.31731426
v 1.36940503 1.11288547 -1.32462346
v 1.28191947 1.13445973 -1.31735181
v 1.36499941 1.14664161 -1.32623493
v 1.27695655 1.16698885 -1.30482876
v 1.36292409 1.17824304 -1.31561851
v 1.27536964 1.19404232 -1.28306663
v 1.36329984 1.20410537 -1.29465425
v 1.27705502 1.21288955 -1.2529335
v 1.36588645 1.22136044 -1.26611709
v 1.28188037 1.21964228 -1.21698343
v 1.37043738 1.22743809 -1.23231685
v 1.28945624 1.21190893 -1.1819024
v 1.37622892 1.2213037 -1.19857657
v 1.29876363 1.19388759 -1.15155124
v 1.3825854 1.20462966 -1.16896605
v 1.3096745 1.16759431 -1.12804889
v 1.3890661 1.17950964 -1.14616608
v 1.32154297 1.13682818 -1.11218047
v 1.39574754 1.15028107 -1.13103175
v 1.33378434 1.1049081 -1.10346126
v 1.40275681 1.11963617 -1.12219667
v 1.47509491 1.12545812 -1.13707816
v 1.40966343 1.08716857 -1.1196419
v 1.34538483 1.07229018 -1.10172402
v 1.35399043 1.03891646 -1.10973703
v 1.41487026 1.05445849 -1.12675488
v 1.35730087 1.01014995 -1.12996554
v 1.29617786 1.01526868 -1.088925
v 1.30123639 0.98639315 -1.11116254
v 1.29910767 0.96818953 -1.14324629
v 1.24618256 0.95570772 -1.09113812
v 1.24402928 0.93742132 -1.12473487
v 1.23558414 0.93116658 -1.16145396
v 1.29136657 0.96264922 -1.17893469
v 1.22301292 0.93469834 -1.198493
v 1.27947032 0.96870434 -1.2146542
v 1.20574569 0.94912129 -1.234079
v 1.26536178 0.98497539 -1.24713099
v 1.18467831 0.97354894 -1.26275432
v 1.2485615 1.00897336 -1.27467525
v 1.16172027 1.00671339 -1.2821474
v 1.22957897 1.03974795 -1.29630243
v 1.14088952 1.04362547 -1.28769445
v 1.21354723 1.07535195 -1.30538606
v 1.12597525 1.07961785 -1.28339314
v 1.20192754 1.11096847 -1.30192828
v 1.11523819 1.11370909 -1.27285945
v 1.19400107 1.14415729 -1.29048085
v 1.10899734 1.14463818 -1.25262522
v 1.18987667 1.17342066 -1.26943755
v 1.1094017 1.1648339 -1.21986758
v 1.1908425 1.19343304 -1.23750269
v 1.11739873 1.16788733 -1.18260443
v 1.19679856 1.19844734 -1.20047056
v 1.12939524 1.15911185 -1.14695704
v 1.20609784 1.18964195 -1.16452431
v 1.14506971 1.13955617 -1.11597299
v 1.21851861 1.17066621 -1.1335895
v 1.16418039 1.1125648 -1.09158313
v 1.23395204 1.14418876 -1.10901486
v 1.18489766 1.08257663 -1.07317602
v 1.25114333 1.11361491 -1.0915873
v 1.20569169 1.05170238 -1.06034493
v 1.26831996 1.08157396 -1.08112168
v 1.22519373 1.01832771 -1.0566169
v 1.28414011 1.04856813 -1.07943797
v 1.23970961 0.9844979 -1.06681811
v 1.16727149 0.98568618 -1.03780782
v 1.18223786 0.95192658 -1.04755044
v 1.18994247 0.92214363 -1.07052886
v 1.12797617 0.9195981 -1.02435112
v 1.13419318 0.88858014 -1.0470972
v 1.13006603 0.86826682 -1.08036828
v 1.18778038 0.90289354 -1.10418415
v 1.1187694 0.85989362 -1.11734175
v 1.17804801 0.89578592 -1.14130818
v 1.10425996 0.85979402 -1.15534436
v 1.1649537 0.89691638 -1.17889368
v 1.08384096 0.87097448 -1.19438445
v 1.14563906 0.909635 -1.21654951
v 1.05692541 0.89630657 -1.22600686
v 1.12073171 0.9351713 -1.24679124
v 1.02846717 0.93220394 -1.24316275
v 1.09437465 0.97021669 -1.26382064
v 1.00401651 0.97100663 -1.24513554
v 1.07190895 1.00827038 -1.26740133
v 0.98433679 1.00756597 -1.23979437
v 1.05440473 1.04476344 -1.26292073
v 0.96857851 1.0420804 -1.22875368
v 1.040753 1.07946813 -1.25238096
v 0.95913606 1.0729829 -1.20673894
v 1.03264498 1.1102699 -1.23142588
v 0.96107816 1.09203445 -1.17252838
v 1.03336787 1.12991559 -1.19840645
v 0.9736613 1.09494447 -1.13599717
v 1.04380333 1.13215303 -1.16145765
v 0.99161809 1.08741378 -1.1023122
v 1.05867564 1.12361609 -1.12721741
v 1.01478207 1.06950604 -1.0733602
v 1.07774972 1.10522592 -1.09686124
v 1.04118275 1.04426741 -1.0506314
v 1.10042154 1.07838189 -1.07340657
v 1.06781899 1.0169934 -1.03126025
v 1.12417304 1.04926669 -1.05446744
v 1.09259581 0.98751068 -1.0179851
v 1.14704883 1.01880335 -1.04125189
v 1.11353635 0.95418113 -1.01469886
v 1.0417478 0.95743262 -0.98968625
v 1.0629636 0.92428374 -0.98657661
v 1.0760585 0.8885017 -0.99665653
v 1.01502585 0.89536726 -0.95409983
v 1.02610778 0.8596369 -0.96550768
v 1.02499198 0.8293153 -0.99054962
v 1.078722 0.85746783 -1.01996409
v 1.01584887 0.8083204 -1.02255177
v 1.07178902 0.83667761 -1.0530188
v 1.00271606 0.7932012 -1.05840468
v 1.05992209 0.82480067 -1.08951044
v 0.98564636 0.78476977 -1.10056757
v 1.04440558 0.82170414 -1.12922179
v 0.96080321 0.79231882 -1.1422044
v 1.02247262 0.83146363 -1.16984748
v 0.92997402 0.81612718 -1.17350387
v 0.99351447 0.85672015 -1.20177042
v 0.89920204 0.85033333 -1.18971252
v 0.96339875 0.89246648 -1.21879828
v 0.87194645 0.88799768 -1.19087255
v 0.9371134 0.931176 -1.22038126
v 0.8488428 0.92335319 -1.18341946
v 0.91536146 0.96766895 -1.21394169
v 0.83028537 0.95716053 -1.16820168
v 0.89817392 1.00181198 -1.20091331
v 0.82177645 0.98652017 -1.14117372
v 0.88890713 1.03165388 -1.17647421
v 0.82792639 1.00486981 -1.10542368
v 0.89220762 1.05026125 -1.14178776
v 0.84582543 1.01073968 -1.06955719
v 0.90699863 1.05474102 -1.10541105
v 0.8717615 1.00578689 -1.03819036
v 0.92862761 1.04829096 -1.07287716
v 0.90316009 0.99226081 -1.01186299
v 0.9561721 1.03188204 -1.04518497
v 0.93583506 0.97404223 -0.98937177
v 0.98608267 1.00969278 -1.02258598
v 0.96626001 0.95379161 -0.969796
v 1.01539039 0.98538005 -1.00292861
v 0.99357909 0.9277023 -0.95671898
v 0.92017257 0.92104548 -0.93114429
v 0.94771248 0.8970983 -0.91941231
v 0.96903473 0.86546134 -0.91824185
v 0.90432685 0.86434125 -0.87609136
v 0.92585134 0.83358711 -0.87764841
v 0.93493598 0.80070024 -0.89347541
v 0.9790048 0.83133804 -0.93153387
v 0.93205457 0.77304244 -0.91974526
v 0.97637367 0.80198001 -0.95708286
v 0.92136126 0.75164073 -0.95146983
v 0.96576464 0.78051626 -0.98847323
v 0.9052872 0.73380458 -0.98707515
v 0.9506616 0.76368093 -1.02442944
v 0.8814727 0.72061336 -1.02614724
v 0.92967677 0.75216156 -1.06612062
v 0.84796154 0.72020316 -1.06389808
v 0.90088737 0.7544074 -1.10670959
v 0.81143873 0.73610544 -1.09210121
v 0.8673433 0.7742365 -1.13779997
v 0.77808111 0.76279878 -1.10724628
v 0.83585304 0.80645936 -1.15316474
v 0.75044292 0.79534643 -1.10786783
v 0.80921983 0.84229719 -1.15362691
v 0.72852879 0.82823312 -1.09895026
v 0.78641694 0.87641227 -1.14498508
v 0.71339833 0.86024129 -1.08021593
v 0.76923358 0.90928834 -1.12699902
v 0.71014452 0.88820004 -1.05080771
v 0.76314437 0.93749928 -1.09814143
v 0.72111034 0.90783256 -1.01582002
v 0.77143448 0.95641738 -1.06276714
v 0.74374938 0.91776639 -0.98149579
v 0.79173487 0.9647324 -1.02781724
v 0.77530944 0.91892993 -0.95068097
v 0.82131433 0.9630388 -0.99684244
v 0.81108254 0.9121015 -0.92492336
v 0.85562127 0.95285922 -0.97108149
v 0.84482508 0.90168803 -0.90320736
v 0.88942343 0.93844306 -0.94914639
v 0.87616086 0.88661795 -0.88595658
v 0.80080235 0.86104625 -0.85348361
v 0.83291423 0.84746342 -0.83685684
v 0.86194926 0.8253901 -0.82951408
v 0.7917782 0.79950672 -0.78985714
v 0.82213103 0.77794194 -0.78539061
v 0.84505909 0.75057703 -0.79474657
v 0.88388055 0.7959792 -0.83501875
v 0.8558073 0.72307735 -0.81655025
v 0.89343291 0.76549416 -0.8541308
v 0.85611093 0.6993708 -0.84548193
v 0.89181602 0.73973041 -0.88173711
v 0.84829217 0.67961567 -0.87696301
v 0.88190013 0.71912914 -0.91360604
v 0.83408224 0.66130477 -0.91131264
v 0.86650562 0.70070296 -0.94852286
v 0.80942797 0.64752394 -0.94669777
v 0.84195703 0.68679475 -0.98552519
v 0.77185577 0.64461475 -0.9763447
v 0.80522137 0.68505895 -1.01901722
v 0.72939735 0.65460538 -0.99388217
v 0.76524871 0.69814902 -1.04136478
v 0.69044274 0.67301356 -1.0015285
v 0.73036694 0.7198233 -1.0535103
v 0.65867382 0.69663244 -1.00195395
v 0.69985759 0.74707895 -1.05636584
v 0.63299483 0.72535723 -0.99346095
v 0.6765533 0.77832871 -1.047652
v 0.61827951 0.75623846 -0.97478461
v 0.6630401 0.80980664 -1.02876317
v 0.61756998 0.78502541 -0.9476189
v 0.66226434 0.83799034 -1.00030314
v 0.63107436 0.80684912 -0.91606456
v 0.67495805 0.85846155 -0.96680516
v 0.65666711 0.81871813 -0.884835
v 0.69923055 0.86940348 -0.93363905
v 0.68866938 0.82258957 -0.85593342
v 0.73132562 0.87236166 -0.90312278
v 0.72349929 0.8209142 -0.82856059
v 0.76671063 0.86934381 -0.87563943
v 0.75840169 0.81380593 -0.80504608
v 0.68349361 0.77018952 -0.78222149
v 0.7207607 0.76235669 -0.76059365
v 0.7560113 0.74707001 -0.74767166
v 0.68864256 0.7116658 -0.71589261
v 0.72655999 0.69618719 -0.70488995
v 0.7603811 0.67364943 -0.70628488
v 0.78774589 0.72564035 -0.74580001
v 0.7842704 0.64739888 -0.72144937
v 0.81146985 0.6997025 -0.75799697
v 0.79762119 0.62179088 -0.74570024
v 0.82379442 0.67439049 -0.78155624
v 0.80262762 0.59902793 -0.77441561
v 0.82582396 0.65235334 -0.81023901
v 0.80021959 0.57952946 -0.80757165
v 0.820822 0.63287884 -0.84128826
v 0.78821134 0.56180727 -0.84251302
v 0.80799031 0.61472505 -0.87620264
v 0.76375949 0.54759955 -0.87450885
v 0.78314417 0.60150486 -0.91019105
v 0.72578513 0.54251766 -0.89712882
v 0.74572736 0.59781289 -0.93598735
v 0.68266886 0.54797625 -0.90657609
v 0.70281833 0.60495054 -0.94922471
v 0.64075481 0.56190341 -0.90612524
v 0.66169124 0.61955112 -0.95231819
v 0.60230445 0.58279424 -0.89846968
v 0.62588846 0.64127934 -0.94846415
v 0.57151246 0.60810107 -0.88524079
v 0.59769707 0.6679154 -0.93861341
v 0.55071377 0.6372208 -0.86532115
v 0.57991761 0.69833916 -0.92005974
v 0.54472523 0.66702979 -0.83861434
v 0.57711982 0.72818964 -0.89353221
v 0.55583697 0.69237637 -0.80898708
v 0.58997595 0.75180149 -0.86332917
v 0.58067512 0.70890945 -0.78128683
v 0.61604404 0.76534521 -0.83416247
v 0.61286884 0.71703863 -0.75686949
v 0.64806556 0.77067977 -0.80765277
v 0.64951521 0.71867382 -0.73450863
v 0.58417111 0.66311711 -0.70270967
v 0.62228018 0.66759741 -0.68275958
v 0.66261851 0.66289335 -0.66789257
v 0.6006273 0.61755406 -0.62700945
v 0.64265203 0.61517864 -0.61364358
v 0.68488502 0.60080921 -0.60999333
v 0.70282709 0.64796513 -0.66016173
v 0.71924608 0.5750947 -0.61983251
v 0.73776358 0.62343341 -0.66504478
v 0.74315995 0.54524481 -0.63996011
v 0.76191747 0.59557896 -0.68264943
v 0.75907832 0.51679563 -0.66648352
v 0.77668833 0.56919831 -0.70794171
v 0.76910865 0.49055415 -0.69723647
v 0.78505992 0.54459893 -0.73760825
v 0.77075636 0.46622747 -0.73045474
v 0.78471136 0.52208447 -0.77184867
v 0.75896793 0.44527813 -0.76280945
v 0.77332854 0.5030359 -0.80533891
v 0.7320159 0.43059769 -0.79064506
v 0.74762159 0.48872345 -0.83521157
v 0.6945647 0.42565196 -0.80839657
v 0.70975285 0.48382687 -0.85477733
v 0.65244418 0.43061211 -0.8153072
v 0.66672629 0.48853963 -0.86252421
v 0.60941433 0.44321316 -0.81317806
v 0.62368071 0.50211894 -0.86027669
v 0.56841445 0.46222254 -0.80280804
v 0.58434832 0.52241826 -0.85015755
v 0.53353726 0.48599016 -0.78553086
v 0.55116385 0.54695141 -0.83458721
v 0.50904512 0.51384633 -0.76161497
v 0.52807152 0.57511979 -0.81282383
v 0.49990665 0.54350131 -0.7316975
v 0.51949203 0.60507488 -0.78467279
v 0.50792878 0.57117557 -0.69998258
v 0.52874875 0.63175928 -0.75425738
v 0.53055691 0.59323823 -0.67169302
v 0.55194485 0.65108567 -0.72677159
v 0.56207323 0.6093437 -0.64738023
v 0.513327 0.53777706 -0.61532378
v 0.54526794 0.55561584 -0.5901187
v 0.58374542 0.56629055 -0.5695154
v 0.52889549 0.50155967 -0.53177833
v 0.56790983 0.51163011 -0.50952106
v 0.61222106 0.50940382 -0.49798208
v 0.62659603 0.56504792 -0.55706632
v 0.65531444 0.49436885 -0.50139749
v 0.66916418 0.55022776 -0.55670064
v 0.69014871 0.4703724 -0.51851558
v 0.70382762 0.52515786 -0.56956607
v 0.71543669 0.44225958 -0.54524684
v 0.72783523 0.49512556 -0.59306806
v 0.73267537 0.41361796 -0.57725256
v 0.74428063 0.46545711 -0.6222369
v 0.74269336 0.38637423 -0.6104775
v 0.75458705 0.4379445 -0.65383654
v 0.74381226 0.36149093 -0.64301931
v 0.75622981 0.41285902 -0.68597775
v 0.73250365 0.33924555 -0.67479527
v 0.74478352 0.39078402 -0.71791452
v 0.70639407 0.32321628 -0.70169568
v 0.71827322 0.37543571 -0.74531978
v 0.66925793 0.31706243 -0.71770519
v 0.68039 0.37094783 -0.76166552
v 0.628196 0.31937131 -0.72285306
v 0.6390571 0.37498983 -0.76790028
v 0.58597731 0.32803696 -0.71902227
v 0.59645742 0.3855493 -0.76567053
v 0.54371398 0.34296399 -0.70597386
v 0.55442619 0.40274873 -0.75438696
v 0.50734734 0.36487004 -0.68424493
v 0.51862269 0.42515417 -0.73546171
v 0.48173517 0.39274361 -0.65614533
v 0.49349924 0.45274773 -0.70928072
v 0.47026124 0.42459219 -0.6239652
v 0.48284143 0.48315557 -0.67846417
v 0.4757395 0.45617386 -0.59089273
v 0.48996201 0.51330912 -0.64551132
v 0.49708876 0.48272165 -0.55925959
v 0.46223416 0.3974542 -0.53555065
v 0.48211377 0.4244441 -0.50319093
v 0.51365435 0.44247549 -0.4753195
v 0.4705708 0.36022162 -0.4491927
v 0.5014171 0.37768477 -0.42106753
v 0.54196476 0.38519179 -0.40183675
v 0.55330216 0.45040929 -0.45382988
v 0.58829551 0.38051846 -0.39590051
v 0.59886676 0.44619169 -0.44444108
v 0.63312155 0.36694371 -0.40400394
v 0.64226931 0.43163973 -0.4506849
v 0.67183333 0.34789434 -0.42499977
v 0.67945122 0.41065836 -0.46951067
v 0.70422172 0.32527381 -0.45556244
v 0.70724219 0.38500538 -0.49909928
v 0.72509676 0.30037662 -0.4929077
v 0.72620457 0.35862982 -0.53423225
v 0.73583841 0.27652517 -0.5296666
v 0.73658144 0.33324047 -0.5691691
v 0.73683941 0.25335523 -0.56473726
v 0.73769557 0.3090491 -0.60289573
v 0.7266559 0.23128669 -0.5978015
v 0.72647315 0.2870123 -0.6352818
v 0.70004153 0.21330931 -0.62456983
v 0.70025861 0.27008909 -0.66187673
v 0.66122692 0.20478075 -0.63790547
v 0.66283905 0.26233536 -0.67661947
v 0.61916166 0.20403993 -0.64017248
v 0.62168741 0.26287308 -0.6799252
v 0.57569497 0.20981839 -0.63276642
v 0.57931697 0.26969602 -0.67424255
v 0.53225588 0.22314249 -0.61558944
v 0.53699171 0.28324002 -0.65921694
v 0.49417388 0.24519801 -0.58753824
v 0.49877935 0.30508869 -0.63477063
v 0.46704542 0.27311119 -0.55418169
v 0.47320509 0.33341583 -0.60403919
v 0.45272603 0.30409866 -0.51913046
v 0.45958298 0.36510944 -0.57039016
v 0.45319154 0.33488595 -0.48295807
v 0.44774353 0.24042753 -0.47061058
v 0.44671952 0.26842519 -0.4334501
v 0.46269848 0.29307901 -0.39860492
v 0.44384029 0.2007427 -0.38687002
v 0.4591104 0.2243921 -0.35123232
v 0.48973527 0.24165353 -0.32325178
v 0.49403643 0.31026831 -0.37092289
v 0.5313183 0.25023901 -0.30670672
v 0.53556168 0.31767055 -0.35388502
v 0.57798177 0.24825164 -0.30549812
v 0.58181738 0.31477844 -0.34971159
v 0.62229079 0.23663233 -0.31941062
v 0.62700706 0.30204933 -0.36085295
v 0.66245657 0.22017042 -0.34359106
v 0.66666996 0.28395822 -0.38376161
v 0.69860357 0.20073936 -0.37596854
v 0.70084196 0.26283147 -0.41572079
v 0.72461086 0.17882913 -0.41369378
v 0.72495079 0.24000172 -0.45317804
v 0.73785537 0.1560893 -0.45138353
v 0.73728454 0.21697533 -0.49058958
v 0.73997181 0.13332857 -0.48682418
v 0.73932439 0.19405114 -0.52612251
v 0.72860449 0.11115152 -0.52035534
v 0.72849428 0.17193166 -0.55935066
v 0.69942766 0.09459921 -0.54586052
v 0.70073723 0.15417811 -0.58582657
v 0.66074156 0.08591383 -0.55956465
v 0.6614921 0.1448857 -0.59970766
v 0.61771148 0.08487714 -0.56162697
v 0.61831027 0.14389868 -0.60128533
v 0.5724644 0.09099491 -0.55223059
v 0.57365673 0.14990547 -0.59252786
v 0.52834808 0.10433021 -0.53126472
v 0.52995145 0.16390661 -0.57251167
v 0.48924064 0.12421395 -0.50046885
v 0.49125719 0.18511718 -0.54306328
v 0.46039027 0.1486755 -0.46353757
v 0.46280098 0.21190182 -0.5075277
v 0.44497743 0.17466613 -0.42517402
v 0.45794898 0.08349715 -0.42206448
v 0.44307947 0.10787764 -0.38185909
v 0.44209778 0.13224616 -0.34247589
v 0.44165319 0.03963263 -0.34097445
v 0.44058501 0.0623838 -0.3003152
v 0.45552867 0.08317667 -0.26303988
v 0.4571546 0.15465109 -0.30604422
v 0.48674252 0.09935561 -0.23427328
v 0.4874272 0.17156 -0.27764466
v 0.52970379 0.1085489 -0.21984484
v 0.52940338 0.18048678 -0.26196602
v 0.57668089 0.1098864 -0.22153885
v 0.5758031 0.17971307 -0.26264661
v 0.62252485 0.10419536 -0.23823772
v 0.62014424 0.17076928 -0.27798324
v 0.66444683 0.09321738 -0.26572161
v 0.66084522 0.1566741 -0.3039748
v 0.70090031 0.07803121 -0.30057406
v 0.69746571 0.13912749 -0.33755791
v 0.72768896 0.0593398 -0.33819836
v 0.72484016 0.11847697 -0.37511771
v 0.7424528 0.03719329 -0.37672078
v 0.73852592 0.09556981 -0.41318127
v 0.74302339 0.01291323 -0.41397148
v 0.7395817 0.07246667 -0.44929036
v 0.72811055 -0.00960907 -0.44679808
v 0.72726565 0.05071263 -0.48257625
v 0.6997528 -0.02731146 -0.47227057
v 0.69915759 0.03373338 -0.50876647
v 0.66188955 -0.03878254 -0.48859983
v 0.66012692 0.02459497 -0.52313035
v 0.61624628 -0.04212244 -0.49321931
v 0.61656963 0.02369692 -0.52540189
v 0.5687046 -0.03638289 -0.48281315
v 0.57085609 0.02991753 -0.51549321
v 0.52321988 -0.02365448 -0.45890718
v 0.52616101 0.04213111 -0.49360704
v 0.48404726 -0.00487811 -0.4235869
v 0.48670011 0.06076834 -0.46071898
v 0.45660159 0.01702584 -0.38249915
v 0.4823167 -0.07235307 -0.38732245
v 0.4548721 -0.05151143 -0.34530586
v 0.44013044 -0.03095947 -0.30298107
v 0.45246028 -0.1244231 -0.31023648
v 0.43878614 -0.10475556 -0.26616281
v 0.44169136 -0.08355318 -0.2236336
v 0.43921473 -0.01019985 -0.26074758
v 0.46114286 -0.06241614 -0.18643197
v 0.45652008 0.00952589 -0.22315444
v 0.49556922 -0.04360519 -0.15965721
v 0.48955032 0.02615732 -0.1955921
v 0.54089278 -0.02909615 -0.14655001
v 0.53329634 0.03699089 -0.18204855
v 0.59222376 -0.02164063 -0.14906129
v 0.58251237 0.04162237 -0.18391594
v 0.64238584 -0.02387596 -0.16681645
v 0.63019943 0.03857375 -0.20209719
v 0.68821734 -0.03220668 -0.19468614
v 0.67348045 0.02986381 -0.23019802
v 0.72665494 -0.04364147 -0.22832194
v 0.71054792 0.01707528 -0.26474499
v 0.7546392 -0.05834773 -0.26522585
v 0.73763144 0.00086617 -0.30200839
v 0.76973295 -0.07781407 -0.30465874
v 0.75245642 -0.01994461 -0.34100291
v 0.76881915 -0.10287088 -0.34403756
v 0.7522422 -0.04480028 -0.37918767
v 0.75077575 -0.12921695 -0.37748098
v 0.73574972 -0.06951927 -0.41218525
v 0.71867889 -0.15227094 -0.40272635
v 0.70617681 -0.08989575 -0.4370782
v 0.67623651 -0.1681368 -0.41996419
v 0.66719937 -0.10340234 -0.45383262
v 0.62573677 -0.17490679 -0.42665553
v 0.61934554 -0.10873092 -0.45979192
v 0.57229483 -0.17207275 -0.41759908
v 0.56950265 -0.10384608 -0.44910469
v 0.52119976 -0.16036824 -0.39265427
v 0.52198147 -0.09129388 -0.42436745
v 0.47947672 -0.14295157 -0.35408636
v 0.51969432 -0.23322323 -0.36423102
v 0.4776346 -0.21801878 -0.32251337
v 0.45032778 -0.20006303 -0.27591472
v 0.47745737 -0.29528334 -0.29035005
v 0.45105889 -0.27600446 -0.2384395
v 0.44297382 -0.25103703 -0.18790771
v 0.44031134 -0.17880924 -0.22866894
v 0.45133248 -0.22159616 -0.14302994
v 0.44761642 -0.15496812 -0.18563391
v 0.47278961 -0.1900985 -0.10588015
v 0.46806123 -0.12982662 -0.14930504
v 0.50816661 -0.16059976 -0.07888785
v 0.502707 -0.10546037 -0.12232717
v 0.55572551 -0.13867558 -0.06502716
v 0.54926306 -0.08647215 -0.10864495
v 0.61027777 -0.12870013 -0.06679218
v 0.60231185 -0.07765463 -0.11043608
v 0.66675603 -0.13246691 -0.08362389
v 0.65613377 -0.08067306 -0.12736147
v 0.71879512 -0.14823393 -0.11282648
v 0.70559537 -0.09199007 -0.15564096
v 0.76246309 -0.16693726 -0.14822356
v 0.74628132 -0.10537748 -0.18941338
v 0.79615861 -0.18367421 -0.18642748
v 0.77701199 -0.11960377 -0.22595556
v 0.8156417 -0.20368765 -0.22931756
v 0.79378378 -0.1386576 -0.26734671
v 0.81438106 -0.22833378 -0.2737534
v 0.79183834 -0.1635455 -0.30879509
v 0.79181009 -0.25485959 -0.31269347
v 0.77053421 -0.19076193 -0.34425535
v 0.75288808 -0.2795186 -0.34144592
v 0.73485219 -0.21483646 -0.37072482
v 0.70261633 -0.29982537 -0.36247345
v 0.68874603 -0.23336872 -0.38991147
v 0.64207762 -0.31291598 -0.37330532
v 0.63346505 -0.24381515 -0.39993429
v 0.57844829 -0.31562981 -0.3651112
v 0.57397598 -0.24334618 -0.39226317
v 0.52127629 -0.3088642 -0.33565416
v 0.58605104 -0.38852742 -0.33645072
v 0.52709764 -0.3839249 -0.30524611
v 0.48311302 -0.37058335 -0.25593966
v 0.53763186 -0.45743888 -0.27227759
v 0.49402794 -0.44294792 -0.22078457
v 0.46957469 -0.41876307 -0.1589982
v 0.45763048 -0.34934276 -0.19838637
v 0.46163424 -0.38589751 -0.09726963
v 0.44877094 -0.32024145 -0.14255729
v 0.46758127 -0.34714654 -0.0436791
v 0.45439761 -0.28506785 -0.09378928
v 0.48911657 -0.3075954 -0.00044724
v 0.47679513 -0.24750283 -0.05427738
v 0.52546256 -0.27279466 0.02881713
v 0.51255613 -0.21397142 -0.02661952
v 0.57346022 -0.24462197 0.04273654
v 0.56102275 -0.18851935 -0.01249132
v 0.6294046 -0.22913359 0.03794908
v 0.61790257 -0.17760627 -0.01674263
v 0.68460506 -0.23052942 0.0153308
v 0.67394191 -0.18105197 -0.03640897
v 0.73595809 -0.24636964 -0.01905266
v 0.72659599 -0.19926682 -0.0674582
v 0.78291958 -0.27258747 -0.06034472
v 0.77372992 -0.22295332 -0.10491119
v 0.82062649 -0.30094069 -0.10455978
v 0.81056284 -0.24512553 -0.14541167
v 0.84378027 -0.32923516 -0.15153618
v 0.83265578 -0.26839628 -0.19052739
v 0.84606432 -0.35825187 -0.20099178
v 0.83321476 -0.29445523 -0.23781895
v 0.8254196 -0.38659441 -0.24692186
v 0.81100392 -0.32143104 -0.28084927
v 0.78383845 -0.41241738 -0.28095898
v 0.76935941 -0.34571129 -0.3122296
v 0.72917902 -0.43457618 -0.30470481
v 0.71595442 -0.36667838 -0.33466553
v 0.66456568 -0.4525316 -0.31596422
v 0.65229725 -0.38261884 -0.34592783
v 0.59719848 -0.46087628 -0.30531844
v 0.67950141 -0.52216386 -0.28037664
v 0.61258983 -0.53150415 -0.26875257
v 0.55350226 -0.52742743 -0.23443882
v 0.63057261 -0.59858506 -0.22778362
v 0.57137191 -0.59394681 -0.1936198
v 0.52916234 -0.57520049 -0.14241503
v 0.5105167 -0.5109148 -0.18307803
v 0.50586533 -0.54616105 -0.08206812
v 0.48634171 -0.48385635 -0.12091396
v 0.49855199 -0.51029259 -0.01781862
v 0.47899755 -0.44875875 -0.05602409
v 0.50742423 -0.47226241 0.04205514
v 0.48606854 -0.40956991 0.00231078
v 0.53277015 -0.43620038 0.09150353
v 0.50889247 -0.37130865 0.04936155
v 0.57423967 -0.40364009 0.12506404
v 0.54721754 -0.33715966 0.08083262
v 0.62334507 -0.37614256 0.13957543
v 0.59534132 -0.30878624 0.09506799
v 0.67586785 -0.35430762 0.13634683
v 0.64879667 -0.28956055 0.09050265
v 0.7279905 -0.34313029 0.11247849
v 0.70216113 -0.28383311 0.06602142
v 0.77342402 -0.34757447 0.07436438
v 0.7503975 -0.29441845 0.02833147
v 0.81379282 -0.36695361 0.02834364
v 0.79430502 -0.3194859 -0.01620754
v 0.84767913 -0.39804804 -0.02197092
v 0.83110541 -0.35100475 -0.06356698
v 0.87072336 -0.43360972 -0.0725184
v 0.85587954 -0.38355851 -0.11253085
v 0.87488037 -0.47173342 -0.12424454
v 0.8596729 -0.41744482 -0.16396158
v 0.85587191 -0.50835716 -0.17162945
v 0.83979368 -0.44949865 -0.2111431
v 0.81561607 -0.54076832 -0.20750311
v 0.79838478 -0.47771987 -0.24691118
v 0.76110106 -0.5678668 -0.23103334
v 0.74377942 -0.50213605 -0.27036517
v 0.69709795 -0.58880943 -0.24005161
v 0.78076207 -0.63033831 -0.18968078
v 0.71641349 -0.6516242 -0.19772885
v 0.64955437 -0.66141098 -0.18571761
v 0.73633194 -0.71106398 -0.15754912
v 0.6673848 -0.72096091 -0.14571091
v 0.60762828 -0.71491557 -0.10946652
v 0.59047788 -0.65579038 -0.15104948
v 0.56682473 -0.69512438 -0.05728491
v 0.54870104 -0.63638675 -0.10010494
v 0.54616004 -0.66558754 0.00172465
v 0.52658993 -0.60667479 -0.04107833
v 0.53956371 -0.63040339 0.06167953
v 0.51940667 -0.57097297 0.02064484
v 0.54835176 -0.59369927 0.11765563
v 0.52864629 -0.53404253 0.07924287
v 0.57688874 -0.55865955 0.16642254
v 0.55613416 -0.49883034 0.12883831
v 0.62472432 -0.52964317 0.20037645
v 0.60143971 -0.46813374 0.16253112
v 0.6814289 -0.50668251 0.21596323
v 0.65340483 -0.4427649 0.17768293
v 0.73616927 -0.48354008 0.2168869
v 0.70567268 -0.41944316 0.17718868
v 0.78893417 -0.46501499 0.19897033
v 0.75779032 -0.40384864 0.15560132
v 0.83616489 -0.4597288 0.16398225
v 0.80276376 -0.4029414 0.11837685
v 0.8736487 -0.4698928 0.11921211
v 0.84076976 -0.41664299 0.07275638
v 0.90211665 -0.49428933 0.06969917
v 0.87113028 -0.44513547 0.02242153
v 0.92110389 -0.53113937 0.0164933
v 0.89224994 -0.48222044 -0.02978131
v 0.92356538 -0.57494533 -0.0366562
v 0.89577615 -0.52355098 -0.08180464
v 0.90270721 -0.61959493 -0.08502787
v 0.87710553 -0.56440246 -0.12916593
v 0.86081993 -0.65882062 -0.123434
v 0.83725333 -0.60077285 -0.16628396
v 0.80279523 -0.68962401 -0.14840263
v 0.88616347 -0.71601855 -0.08080139
v 0.82455861 -0.74683719 -0.10936347
v 0.75466042 -0.76684653 -0.12007633
v 0.8454169 -0.80203408 -0.07405843
v 0.771528 -0.82098555 -0.08855827
v 0.69718432 -0.82999694 -0.07742001
v 0.68390268 -0.77622371 -0.10832674
v 0.634373 -0.82514953 -0.03592709
v 0.62270796 -0.77118289 -0.07068823
v 0.59660685 -0.80683159 0.02603459
v 0.58345234 -0.75153875 -0.01466395
v 0.57830357 -0.77975976 0.09185671
v 0.5640279 -0.72306168 0.04590076
v 0.57051247 -0.74687963 0.15294241
v 0.55686897 -0.68863606 0.10568543
v 0.57698983 -0.71017509 0.2081028
v 0.56413126 -0.65162545 0.16044633
v 0.60490012 -0.67413485 0.25549474
v 0.592839 -0.6158443 0.20794624
v 0.65749025 -0.64726346 0.28811365
v 0.64354652 -0.58837789 0.24132597
v 0.7243458 -0.63305926 0.30143424
v 0.70598185 -0.56985497 0.25582626
v 0.78820407 -0.61502736 0.30527848
v 0.76487255 -0.54818648 0.2595883
v 0.84873479 -0.59121739 0.29705706
v 0.82009679 -0.52636241 0.24667914
v 0.9031921 -0.58024799 0.26926842
v 0.87101638 -0.51714593 0.21405623
v 0.94544494 -0.58858937 0.22585389
v 0.91015273 -0.52583867 0.17003189
v 0.97210812 -0.61185294 0.17628143
v 0.93724763 -0.54911041 0.12074264
v 0.98740893 -0.64578354 0.12210954
v 0.95416784 -0.58455169 0.06764401
v 0.98542261 -0.68805116 0.06428264
v 0.95460313 -0.6288011 0.01236575
v 0.95885253 -0.73283046 0.00884503
v 0.93130588 -0.67517119 -0.03888307
v 0.90987759 -0.77210974 -0.03868825
v 0.98573684 -0.79473692 0.05523306
v 0.93239045 -0.82994687 -0.00019745
v 0.86168646 -0.8560059 -0.04155931
v 0.95160317 -0.89095407 0.03311225
v 0.87568283 -0.9093737 -0.01562454
v 0.79591232 -0.92256939 -0.03917039
v 0.78494393 -0.87287718 -0.06106723
v 0.71635979 -0.92970669 -0.03050418
v 0.7083919 -0.88074803 -0.05042791
v 0.65270996 -0.92642921 0.01766535
v 0.64513397 -0.87645047 -0.00571238
v 0.61704289 -0.91519981 0.09167779
v 0.6074174 -0.86099112 0.06181936
v 0.60231828 -0.89840251 0.17526772
v 0.59059059 -0.8381344 0.13583469
v 0.59729456 -0.87306261 0.25044357
v 0.58393073 -0.80807429 0.20226503
v 0.60394936 -0.84121823 0.31380409
v 0.58921498 -0.77300059 0.2595945
v 0.634054 -0.80662882 0.36619997
v 0.6165896 -0.73668038 0.30867299
v 0.68914657 -0.77857738 0.3994964
v 0.67148101 -0.70982003 0.34001392
v 0.76148796 -0.7694748 0.40638783
v 0.74133431 -0.69919228 0.35010638
v 0.83630329 -0.75930523 0.40683364
v 0.81058353 -0.68447005 0.3540672
v 0.90361303 -0.73909682 0.40551632
v 0.87488138 -0.66198384 0.34987169
v 0.96322298 -0.72594827 0.38626566
v 0.93241697 -0.6499108 0.3257085
v 1.00916934 -0.73219782 0.3447895
v 0.97695064 -0.65710336 0.28330159
v 1.03626406 -0.7556836 0.29278761
v 1.00439405 -0.68078422 0.23320366
v 1.04786181 -0.79098933 0.2347242
v 1.01851081 -0.71529483 0.1776508
v 1.04237389 -0.82980185 0.17032012
v 1.01501214 -0.75542068 0.11694756
v 1.0111041 -0.86378109 0.10060092
v 1.06405365 -0.90966481 0.22719422
v 1.03007853 -0.93796753 0.13995502
v 0.96553492 -0.95212155 0.05951852
v 1.03790068 -1.00740718 0.16793167
v 0.97165775 -1.01201975 0.07626711
v 0.89086872 -1.01549112 0.01549228
v 0.88587909 -0.96273392 0.00288624
v 0.8073107 -1.01863479 -0.01752999
v 0.80304563 -0.97170412 -0.02467424
v 0.72431522 -1.01979064 -0.01079578
v 0.72277551 -0.97614145 -0.01529835
v 0.66064417 -1.01979279 0.04264026
v 0.65943175 -0.97484874 0.03530676
v 0.63072186 -1.01991641 0.12802672
v 0.62510764 -0.96924245 0.1152279
v 0.6274082 -1.01910185 0.23096208
v 0.61435252 -0.95988673 0.20961639
v 0.6380369 -1.0123111 0.33723685
v 0.61446547 -0.94079893 0.29766383
v 0.6551274 -0.99081474 0.42415079
v 0.62625771 -0.91448003 0.36884456
v 0.68910473 -0.96805793 0.48955953
v 0.65810704 -0.88298326 0.42675593
v 0.74833524 -0.95126855 0.53255116
v 0.71457117 -0.8566271 0.4643363
v 0.82306426 -0.94735872 0.54179191
v 0.78783106 -0.84879601 0.47050514
v 0.89738458 -0.94707703 0.53934443
v 0.8658455 -0.84330236 0.46844938
v 0.96558076 -0.94232827 0.54024535
v 0.93595492 -0.82932376 0.46966189
v 1.0249083 -0.93721008 0.52825307
v 0.99656194 -0.81785494 0.45594379
v 1.07074987 -0.9382888 0.4889433
v 1.04479944 -0.82109779 0.41564285
v 1.09385275 -0.94781655 0.43307966
v 1.06967532 -0.84166419 0.35996493
v 1.09408986 -0.96874237 0.36835372
v 1.07428419 -0.87429148 0.29885563
v 1.07563185 -0.99478894 0.27852827
v 1.0993818 -1.06855285 0.40746167
v 1.07418835 -1.06946802 0.29926922
v 1.03740251 -1.06959128 0.17803446
v 0.97385525 -1.06918382 0.08149057
v 0.89423996 -1.06841397 0.0178531
v 0.81002813 -1.06734859 -0.0241215
v 0.71623563 -1.06687152 -0.02171322
v 0.65033125 -1.06786954 0.04018597
v 0.63067233 -1.06974887 0.13100163
v 0.63815462 -1.07130646 0.23655422
v 0.65525585 -1.07173228 0.35040351
v 0.67758822 -1.07051658 0.45638412
v 0.70475494 -1.06794178 0.52407854
v 0.75978857 -1.06497585 0.58195054
v 0.84750545 -1.06327951 0.60782146
v 0.91679364 -1.06285166 0.60247343
v 0.98502665 -1.06332075 0.59832096
v 1.05567288 -1.06339502 0.58592516
v 1.11359763 -1.06373405 0.53282785
v 1.11702406 -1.06627678 0.466205
g Group24984
f 5 6 7 8
f 1 9 10 11
f 1 11 12 13
f 1 13 14 9
f 2 15 16 17
f 2 17 18 14
f 2 14 13 15
f 3 4 19 20
f 3 20 22 21
f 4 23 24 19
f 4 3 25 26
f 4 27 28 23
f 4 26 29 27
f 29 26 30 31
f 29 31 32 33
f 29 33 34 27
f 34 33 35 36
f 34 36 37 38
f 34 38 28 27
f 38 37 39 40
f 38 40 41 28
f 41 42 23 28
f 41 40 43 44
f 41 44 18 42
f 44 43 10 9
f 44 9 14 18
f 43 40 39 45
f 43 45 46 10
f 46 45 47 48
f 46 48 49 50
f 46 50 11 10
f 50 49 51 52
f 50 52 12 11
f 52 51 53 54
f 52 54 55 12
f 55 15 13 12
f 55 54 56 57
f 55 57 16 15
f 57 56 58 59
f 57 59 60 16
f 60 61 17 16
f 60 59 62 63
f 60 63 24 61
f 63 62 64 65
f 63 65 19 24
f 65 64 66 67
f 65 67 20 19
f 67 66 68 69
f 67 69 22 20
f 69 68 70 71
f 69 71 72 22
f 72 73 21 22
f 72 71 74 75
f 72 75 25 73
f 75 74 76 30
f 75 30 26 25
f 76 74 77 78
f 76 78 8 7
f 76 7 31 30
f 78 77 79 80
f 78 80 81 8
f 81 80 82 83
f 81 83 84 85
f 81 85 5 8
f 85 84 86 87
f 85 87 6 5
f 87 86 88 89
f 87 89 32 6
f 89 88 90 35
f 89 35 33 32
f 90 88 91 92
f 90 92 93 94
f 90 94 36 35
f 94 93 95 96
f 94 96 37 36
f 96 95 97 98
f 96 98 39 37
f 98 97 99 47
f 98 47 45 39
f 99 97 100 101
f 99 101 102 103
f 99 103 48 47
f 103 102 104 105
f 103 105 49 48
f 105 104 106 107
f 105 107 51 49
f 107 106 108 109
f 107 109 53 51
f 109 108 110 111
f 109 111 112 53
f 112 56 54 53
f 112 111 113 114
f 112 114 58 56
f 114 113 115 116
f 114 116 117 58
f 117 62 59 58
f 117 116 118 119
f 117 119 64 62
f 119 118 120 121
f 119 121 66 64
f 121 120 122 123
f 121 123 68 66
f 123 122 124 125
f 123 125 70 68
f 125 124 126 79
f 125 79 77 70
f 126 124 127 128
f 126 128 129 82
f 126 82 80 79
f 129 128 130 131
f 129 131 132 133
f 129 133 83 82
f 133 132 134 135
f 133 135 84 83
f 135 134 136 137
f 135 137 86 84
f 137 136 138 91
f 137 91 88 86
f 138 136 139 140
f 138 140 141 142
f 138 142 92 91
f 142 141 143 144
f 142 144 93 92
f 144 143 145 146
f 144 146 95 93
f 146 145 147 100
f 146 100 97 95
f 147 145 148 149
f 147 149 150 151
f 147 151 101 100
f 151 150 152 153
f 151 153 102 101
f 153 152 154 155
f 153 155 104 102
f 155 154 156 157
f 155 157 106 104
f 157 156 158 159
f 157 159 108 106
f 159 158 160 161
f 159 161 110 108
f 161 160 162 163
f 161 163 164 110
f 164 113 111 110
f 164 163 165 166
f 164 166 115 113
f 166 165 167 168
f 166 168 169 115
f 169 118 116 115
f 169 168 170 171
f 169 171 120 118
f 171 170 172 173
f 171 173 122 120
f 173 172 174 127
f 173 127 124 122
f 174 172 175 176
f 174 176 177 130
f 174 130 128 127
f 177 176 178 179
f 177 179 180 181
f 177 181 131 130
f 181 180 182 183
f 181 183 132 131
f 183 182 184 185
f 183 185 134 132
f 185 184 186 139
f 185 139 136 134
f 186 184 187 188
f 186 188 189 190
f 186 190 140 139
f 190 189 191 192
f 190 192 141 140
f 192 191 193 194
f 192 194 143 141
f 194 193 195 148
f 194 148 145 143
f 195 193 196 197
f 195 197 198 199
f 195 199 149 148
f 199 198 200 201
f 199 201 150 149
f 201 200 202 203
f 201 203 152 150
f 203 202 204 205
f 203 205 154 152
f 205 204 206 207
f 205 207 156 154
f 207 206 208 209
f 207 209 158 156
f 209 208 210 211
f 209 211 160 158
f 211 210 212 213
f 211 213 162 160
f 213 212 214 215
f 213 215 216 162
f 216 165 163 162
f 216 215 217 218
f 216 218 167 165
f 218 217 219 220
f 218 220 221 167
f 221 170 168 167
f 221 220 222 175
f 221 175 172 170
f 222 220 219 223
f 222 223 224 178
f 222 178 176 175
f 224 223 225 226
f 224 226 227 228
f 224 228 179 178
f 228 227 229 230
f 228 230 180 179
f 230 229 231 232
f 230 232 182 180
f 232 231 233 187
f 232 187 184 182
f 233 231 234 235
f 233 235 236 237
f 233 237 188 187
f 237 236 238 239
f 237 239 189 188
f 239 238 240 241
f 239 241 191 189
f 241 240 242 196
f 241 196 193 191
f 242 240 243 244
f 242 244 245 246
f 242 246 197 196
f 246 245 247 248
f 246 248 198 197
f 248 247 249 250
f 248 250 200 198
f 250 249 251 252
f 250 252 202 200
f 252 251 253 254
f 252 254 204 202
f 254 253 255 256
f 254 256 206 204
f 256 255 257 258
f 256 258 208 206
f 258 257 259 260
f 258 260 210 208
f 260 259 261 262
f 260 262 212 210
f 262 261 263 264
f 262 264 214 212
f 264 263 265 266
f 264 266 267 214
f 267 217 215 214
f 267 266 268 269
f 267 269 219 217
f 269 268 270 225
f 269 225 223 219
f 270 268 271 272
f 270 272 273 274
f 270 274 226 225
f 274 273 275 276
f 274 276 227 226
f 276 275 277 278
f 276 278 229 227
f 278 277 279 234
f 278 234 231 229
f 279 277 280 281
f 279 281 282 283
f 279 283 235 234
f 283 282 284 285
f 283 285 236 235
f 285 284 286 287
f 285 287 238 236
f 287 286 288 243
f 287 243 240 238
f 288 286 289 290
f 288 290 291 292
f 288 292 244 243
f 292 291 293 294
f 292 294 245 244
f 294 293 295 296
f 294 296 247 245
f 296 295 297 298
f 296 298 249 247
f 298 297 299 300
f 298 300 251 249
f 300 299 301 302
f 300 302 253 251
f 302 301 303 304
f 302 304 255 253
f 304 303 305 306
f 304 306 257 255
f 306 305 307 308
f 306 308 259 257
f 308 307 309 310
f 308 310 261 259
f 310 309 311 312
f 310 312 263 261
f 312 311 313 314
f 312 314 265 263
f 314 313 315 316
f 314 316 271 265
f 316 315 317 318
f 316 318 272 271
f 318 317 319 320
f 318 320 273 272
f 320 319 321 322
f 320 322 275 273
f 322 321 323 280
f 322 280 277 275
f 323 321 324 325
f 323 325 326 327
f 323 327 281 280
f 327 326 328 329
f 327 329 282 281
f 329 328 330 331
f 329 331 284 282
f 331 330 332 289
f 331 289 286 284
f 332 330 333 334
f 332 334 335 336
f 332 336 290 289
f 336 335 337 338
f 336 338 291 290
f 338 337 339 340
f 338 340 293 291
f 340 339 341 342
f 340 342 295 293
f 342 341 343 344
f 342 344 297 295
f 344 343 345 346
f 344 346 299 297
f 346 345 347 348
f 346 348 301 299
f 348 347 349 350
f 348 350 303 301
f 350 349 351 352
f 350 352 305 303
f 352 351 353 354
f 352 354 307 305
f 354 353 355 356
f 354 356 309 307
f 356 355 357 358
f 356 358 311 309
f 358 357 359 360
f 358 360 313 311
f 360 359 361 362
f 360 362 315 313
f 362 361 363 364
f 362 364 317 315
f 364 363 365 366
f 364 366 319 317
f 366 365 367 324
f 366 324 321 319
f 367 365 368 369
f 367 369 370 371
f 367 371 325 324
f 371 370 372 373
f 371 373 326 325
f 373 372 374 375
f 373 375 328 326
f 375 374 376 333
f 375 333 330 328
f 376 374 377 378
f 376 378 379 380
f 376 380 334 333
f 380 379 381 382
f 380 382 335 334
f 382 381 383 384
f 382 384 337 335
f 384 383 385 386
f 384 386 339 337
f 386 385 387 388
f 386 388 341 339
f 388 387 389 390
f 388 390 343 341
f 390 389 391 392
f 390 392 345 343
f 392 391 393 394
f 392 394 347 345
f 394 393 395 396
f 394 396 349 347
f 396 395 397 398
f 396 398 351 349
f 398 397 399 400
f 398 400 353 351
f 400 399 401 402
f 400 402 355 353
f 402 401 403 404
f 402 404 357 355
f 404 403 405 406
f 404 406 359 357
f 406 405 407 408
f 406 408 361 359
f 408 407 409 410
f 408 410 363 361
f 410 409 411 368
f 410 368 365 363
f 411 409 412 413
f 411 413 414 415
f 411 415 369 368
f 415 414 416 417
f 415 417 370 369
f 417 416 418 419
f 417 419 372 370
f 419 418 420 377
f 419 377 374 372
f 420 418 421 422
f 420 422 423 424
f 420 424 378 377
f 424 423 425 426
f 424 426 379 378
f 426 425 427 428
f 426 428 381 379
f 428 427 429 430
f 428 430 383 381
f 430 429 431 432
f 430 432 385 383
f 432 431 433 434
f 432 434 387 385
f 434 433 435 436
f 434 436 389 387
f 436 435 437 438
f 436 438 391 389
f 438 437 439 440
f 438 440 393 391
f 440 439 441 442
f 440 442 395 393
f 442 441 443 444
f 442 444 397 395
f 444 443 445 446
f 444 446 399 397
f 446 445 447 448
f 446 448 401 399
f 448 447 449 450
f 448 450 403 401
f 450 449 451 452
f 450 452 405 403
f 452 451 453 454
f 452 454 407 405
f 454 453 455 412
f 454 412 409 407
f 455 453 456 457
f 455 457 458 459
f 455 459 413 412
f 459 458 460 461
f 459 461 414 413
f 461 460 462 463
f 461 463 416 414
f 463 462 464 421
f 463 421 418 416
f 464 462 465 466
f 464 466 467 468
f 464 468 422 421
f 468 467 469 470
f 468 470 423 422
f 470 469 471 472
f 470 472 425 423
f 472 471 473 474
f 472 474 427 425
f 474 473 475 476
f 474 476 429 427
f 476 475 477 478
f 476 478 431 429
f 478 477 479 480
f 478 480 433 431
f 480 479 481 482
f 480 482 435 433
f 482 481 483 484
f 482 484 437 435
f 484 483 485 486
f 484 486 439 437
f 486 485 487 488
f 486 488 441 439
f 488 487 489 490
f 488 490 443 441
f 490 489 491 492
f 490 492 445 443
f 492 491 493 494
f 492 494 447 445
f 494 493 495 496
f 494 496 449 447
f 496 495 497 498
f 496 498 451 449
f 498 497 499 456
f 498 456 453 451
f 499 497 500 501
f 499 501 502 503
f 499 503 457 456
f 503 502 504 505
f 503 505 458 457
f 505 504 506 507
f 505 507 460 458
f 507 506 508 465
f 507 465 462 460
f 508 506 509 510
f 508 510 511 512
f 508 512 466 465
f 512 511 513 514
f 512 514 467 466
f 514 513 515 516
f 514 516 469 467
f 516 515 517 518
f 516 518 471 469
f 518 517 519 520
f 518 520 473 471
f 520 519 521 522
f 520 522 475 473
f 522 521 523 524
f 522 524 477 475
f 524 523 525 526
f 524 526 479 477
f 526 525 527 528
f 526 528 481 479
f 528 527 529 530
f 528 530 483 481
f 530 529 531 532
f 530 532 485 483
f 532 531 533 534
f 532 534 487 485
f 534 533 535 536
f 534 536 489 487
f 536 535 537 538
f 536 538 491 489
f 538 537 539 540
f 538 540 493 491
f 540 539 541 542
f 540 542 495 493
f 542 541 543 500
f 542 500 497 495
f 543 541 544 545
f 543 545 546 547
f 543 547 501 500
f 547 546 548 549
f 547 549 502 501
f 549 548 550 551
f 549 551 504 502
f 551 550 552 509
f 551 509 506 504
f 552 550 553 554
f 552 554 555 556
f 552 556 510 509
f 556 555 557 558
f 556 558 511 510
f 558 557 559 560
f 558 560 513 511
f 560 559 561 562
f 560 562 515 513
f 562 561 563 564
f 562 564 517 515
f 564 563 565 566
f 564 566 519 517
f 566 565 567 568
f 566 568 521 519
f 568 567 569 570
f 568 570 523 521
f 570 569 571 572
f 570 572 525 523
f 572 571 573 574
f 572 574 527 525
f 574 573 575 576
f 574 576 529 527
f 576 575 577 578
f 576 578 531 529
f 578 577 579 580
f 578 580 533 531
f 580 579 581 582
f 580 582 535 533
f 582 581 583 584
f 582 584 537 535
f 584 583 585 586
f 584 586 539 537
f 586 585 587 544
f 586 544 541 539
f 587 585 588 589
f 587 589 590 591
f 587 591 545 544
f 591 590 592 593
f 591 593 546 545
f 593 592 594 595
f 593 595 548 546
f 595 594 596 553
f 595 553 550 548
f 596 594 597 598
f 596 598 599 600
f 596 600 554 553
f 600 599 601 602
f 600 602 555 554
f 602 601 603 604
f 602 604 557 555
f 604 603 605 606
f 604 606 559 557
f 606 605 607 608
f 606 608 561 559
f 608 607 609 610
f 608 610 563 561
f 610 609 611 612
f 610 612 565 563
f 612 611 613 614
f 612 614 567 565
f 614 613 615 616
f 614 616 569 567
f 616 615 617 618
f 616 618 571 569
f 618 617 619 620
f 618 620 573 571
f 620 619 621 622
f 620 622 575 573
f 622 621 623 624
f 622 624 577 575
f 624 623 625 626
f 624 626 579 577
f 626 625 627 628
f 626 628 581 579
f 628 627 629 630
f 628 630 583 581
f 630 629 631 588
f 630 588 585 583
f 631 629 632 633
f 631 633 634 635
f 631 635 589 588
f 635 634 636 637
f 635 637 590 589
f 637 636 638 639
f 637 639 592 590
f 639 638 640 597
f 639 597 594 592
f 640 638 641 642
f 640 642 643 644
f 640 644 598 597
f 644 643 645 646
f 644 646 599 598
f 646 645 647 648
f 646 648 601 599
f 648 647 649 650
f 648 650 603 601
f 650 649 651 652
f 650 652 605 603
f 652 651 653 654
f 652 654 607 605
f 654 653 655 656
f 654 656 609 607
f 656 655 657 658
f 656 658 611 609
f 658 657 659 660
f 658 660 613 611
f 660 659 661 662
f 660 662 615 613
f 662 661 663 664
f 662 664 617 615
f 664 663 665 666
f 664 666 619 617
f 666 665 667 668
f 666 668 621 619
f 668 667 669 670
f 668 670 623 621
f 670 669 671 672
f 670 672 625 623
f 672 671 673 674
f 672 674 627 625
f 674 673 675 632
f 674 632 629 627
f 675 673 676 677
f 675 677 678 679
f 675 679 633 632
f 679 678 680 681
f 679 681 634 633
f 681 680 682 683
f 681 683 636 634
f 683 682 684 641
f 683 641 638 636
f 684 682 685 686
f 684 686 687 688
f 684 688 642 641
f 688 687 689 690
f 688 690 643 642
f 690 689 691 692
f 690 692 645 643
f 692 691 693 694
f 692 694 647 645
f 694 693 695 696
f 694 696 649 647
f 696 695 697 698
f 696 698 651 649
f 698 697 699 700
f 698 700 653 651
f 700 699 701 702
f 700 702 655 653
f 702 701 703 704
f 702 704 657 655
f 704 703 705 706
f 704 706 659 657
f 706 705 707 708
f 706 708 661 659
f 708 707 709 710
f 708 710 663 661
f 710 709 711 712
f 710 712 665 663
f 712 711 713 714
f 712 714 667 665
f 714 713 715 716
f 714 716 669 667
f 716 715 717 718
f 716 718 671 669
f 718 717 719 676
f 718 676 673 671
f 719 717 720 721
f 719 721 722 723
f 719 723 677 676
f 723 722 724 725
f 723 725 678 677
f 725 724 726 727
f 725 727 680 678
f 727 726 728 685
f 727 685 682 680
f 728 726 729 730
f 728 730 731 732
f 728 732 686 685
f 732 731 733 734
f 732 734 687 686
f 734 733 735 736
f 734 736 689 687
f 736 735 737 738
f 736 738 691 689
f 738 737 739 740
f 738 740 693 691
f 740 739 741 742
f 740 742 695 693
f 742 741 743 744
f 742 744 697 695
f 744 743 745 746
f 744 746 699 697
f 746 745 747 748
f 746 748 701 699
f 748 747 749 750
f 748 750 703 701
f 750 749 751 752
f 750 752 705 703
f 752 751 753 754
f 752 754 707 705
f 754 753 755 756
f 754 756 709 707
f 756 755 757 758
f 756 758 711 709
f 758 757 759 760
f 758 760 713 711
f 760 759 761 762
f 760 762 715 713
f 762 761 763 720
f 762 720 717 715
f 763 761 764 765
f 763 765 766 767
f 763 767 721 720
f 767 766 768 769
f 767 769 722 721
f 769 768 770 771
f 769 771 724 722
f 771 770 772 729
f 771 729 726 724
f 772 770 773 774
f 772 774 775 776
f 772 776 730 729
f 776 775 777 778
f 776 778 731 730
f 778 777 779 780
f 778 780 733 731
f 780 779 781 782
f 780 782 735 733
f 782 781 783 784
f 782 784 737 735
f 784 783 785 786
f 784 786 739 737
f 786 785 787 788
f 786 788 741 739
f 788 787 789 790
f 788 790 743 741
f 790 789 791 792
f 790 792 745 743
f 792 791 793 794
f 792 794 747 745
f 794 793 795 796
f 794 796 749 747
f 796 795 797 798
f 796 798 751 749
f 798 797 799 800
f 798 800 753 751
f 800 799 801 802
f 800 802 755 753
f 802 801 803 804
f 802 804 757 755
f 804 803 805 806
f 804 806 759 757
f 806 805 807 764
f 806 764 761 759
f 807 805 808 809
f 807 809 810 811
f 807 811 765 764
f 811 810 812 813
f 811 813 766 765
f 813 812 814 815
f 813 815 768 766
f 815 814 816 773
f 815 773 770 768
f 816 814 817 818
f 816 818 819 820
f 816 820 774 773
f 820 819 821 822
f 820 822 775 774
f 822 821 823 824
f 822 824 777 775
f 824 823 825 826
f 824 826 779 777
f 826 825 827 828
f 826 828 781 779
f 828 827 829 830
f 828 830 783 781
f 830 829 831 832
f 830 832 785 783
f 832 831 833 834
f 832 834 787 785
f 834 833 835 836
f 834 836 789 787
f 836 835 837 838
f 836 838 791 789
f 838 837 839 840
f 838 840 793 791
f 840 839 841 842
f 840 842 795 793
f 842 841 843 844
f 842 844 797 795
f 844 843 845 846
f 844 846 799 797
f 846 845 847 848
f 846 848 801 799
f 848 847 849 850
f 848 850 803 801
f 850 849 851 808
f 850 808 805 803
f 851 849 852 853
f 851 853 854 855
f 851 855 809 808
f 855 854 856 857
f 855 857 810 809
f 857 856 858 859
f 857 859 812 810
f 859 858 860 817
f 859 817 814 812
f 860 858 861 862
f 860 862 863 864
f 860 864 818 817
f 864 863 865 866
f 864 866 819 818
f 866 865 867 868
f 866 868 821 819
f 868 867 869 870
f 868 870 823 821
f 870 869 871 872
f 870 872 825 823
f 872 871 873 874
f 872 874 827 825
f 874 873 875 876
f 874 876 829 827
f 876 875 877 878
f 876 878 831 829
f 878 877 879 880
f 878 880 833 831
f 880 879 881 882
f 880 882 835 833
f 882 881 883 884
f 882 884 837 835
f 884 883 885 886
f 884 886 839 837
f 886 885 887 888
f 886 888 841 839
f 888 887 889 890
f 888 890 843 841
f 890 889 891 892
f 890 892 845 843
f 892 891 893 894
f 892 894 847 845
f 894 893 895 852
f 894 852 849 847
f 895 893 896 897
f 895 897 898 899
f 895 899 853 852
f 899 898 900 901
f 899 901 854 853
f 901 900 902 903
f 901 903 856 854
f 903 902 904 861
f 903 861 858 856
f 904 902 905 906
f 904 906 907 908
f 904 908 862 861
f 908 907 909 910
f 908 910 863 862
f 910 909 911 912
f 910 912 865 863
f 912 911 913 914
f 912 914 867 865
f 914 913 915 916
f 914 916 869 867
f 916 915 917 918
f 916 918 871 869
f 918 917 919 920
f 918 920 873 871
f 920 919 921 922
f 920 922 875 873
f 922 921 923 924
f 922 924 877 875
f 924 923 925 926
f 924 926 879 877
f 926 925 927 928
f 926 928 881 879
f 928 927 929 930
f 928 930 883 881
f 930 929 931 932
f 930 932 885 883
f 932 931 933 934
f 932 934 887 885
f 934 933 935 936
f 934 936 889 887
f 936 935 937 938
f 936 938 891 889
f 938 937 939 896
f 938 896 893 891
f 939 937 940 941
f 939 941 942 943
f 939 943 897 896
f 943 942 944 945
f 943 945 898 897
f 945 944 946 947
f 945 947 900 898
f 947 946 948 905
f 947 905 902 900
f 948 946 949 950
f 948 950 951 952
f 948 952 906 905
f 952 951 953 954
f 952 954 907 906
f 954 953 955 956
f 954 956 909 907
f 956 955 957 958
f 956 958 911 909
f 958 957 959 960
f 958 960 913 911
f 960 959 961 962
f 960 962 915 913
f 962 961 963 964
f 962 964 917 915
f 964 963 965 966
f 964 966 919 917
f 966 965 967 968
f 966 968 921 919
f 968 967 969 970
f 968 970 923 921
f 970 969 971 972
f 970 972 925 923
f 972 971 973 974
f 972 974 927 925
f 974 973 975 976
f 974 976 929 927
f 976 975 977 978
f 976 978 931 929
f 978 977 979 980
f 978 980 933 931
f 980 979 981 982
f 980 982 935 933
f 982 981 983 940
f 982 940 937 935
f 983 981 984 985
f 983 985 986 987
f 983 987 941 940
f 987 986 988 989
f 987 989 942 941
f 989 988 990 991
f 989 991 944 942
f 991 990 992 949
f 991 949 946 944
f 992 990 993 994
f 992 994 995 996
f 992 996 950 949
f 996 995 997 998
f 996 998 951 950
f 998 997 999 1000
f 998 1000 953 951
f 1000 999 1001 1002
f 1000 1002 955 953
f 1002 1001 1003 1004
f 1002 1004 957 955
f 1004 1003 1005 1006
f 1004 1006 959 957
f 1006 1005 1007 1008
f 1006 1008 961 959
f 1008 1007 1009 1010
f 1008 1010 963 961
f 1010 1009 1011 1012
f 1010 1012 965 963
f 1012 1011 1013 1014
f 1012 1014 967 965
f 1014 1013 1015 1016
f 1014 1016 969 967
f 1016 1015 1017 1018
f 1016 1018 971 969
f 1018 1017 1019 1020
f 1018 1020 973 971
f 1020 1019 1021 1022
f 1020 1022 975 973
f 1022 1021 1023 1024
f 1022 1024 977 975
f 1024 1023 1025 1026
f 1024 1026 979 977
f 1026 1025 1027 984
f 1026 984 981 979
f 1027 1025 1028 1029
f 1027 1029 1030 1031
f 1027 1031 985 984
f 1031 1030 1032 1033
f 1031 1033 986 985
f 1033 1032 1034 1035
f 1033 1035 988 986
f 1035 1034 1036 993
f 1035 993 990 988
f 1036 1034 1037 1038
f 1036 1038 1039 1040
f 1036 1040 994 993
f 1040 1039 1041 1042
f 1040 1042 995 994
f 1042 1041 1043 1044
f 1042 1044 997 995
f 1044 1043 1045 1046
f 1044 1046 999 997
f 1046 1045 1047 1048
f 1046 1048 1001 999
f 1048 1047 1049 1050
f 1048 1050 1003 1001
f 1050 1049 1051 1052
f 1050 1052 1005 1003
f 1052 1051 1053 1054
f 1052 1054 1007 1005
f 1054 1053 1055 1056
f 1054 1056 1009 1007
f 1056 1055 1057 1058
f 1056 1058 1011 1009
f 1058 1057 1059 1060
f 1058 1060 1013 1011
f 1060 1059 1061 1062
f 1060 1062 1015 1013
f 1062 1061 1063 1064
f 1062 1064 1017 1015
f 1064 1063 1065 1066
f 1064 1066 1019 1017
f 1066 1065 1067 1068
f 1066 1068 1021 1019
f 1068 1067 1069 1070
f 1068 1070 1023 1021
f 1070 1069 1071 1028
f 1070 1028 1025 1023
f 1071 1069 1072 1073
f 1071 1073 1074 1075
f 1071 1075 1029 1028
f 1075 1074 1076 1077
f 1075 1077 1030 1029
f 1077 1076 1078 1079
f 1077 1079 1032 1030
f 1079 1078 1080 1037
f 1079 1037 1034 1032
f 1080 1078 1081 1082
f 1080 1082 1083 1084
f 1080 1084 1038 1037
f 1084 1083 1085 1086
f 1084 1086 1039 1038
f 1086 1085 1087 1088
f 1086 1088 1041 1039
f 1088 1087 1089 1090
f 1088 1090 1043 1041
f 1090 1089 1091 1092
f 1090 1092 1045 1043
f 1092 1091 1093 1094
f 1092 1094 1047 1045
f 1094 1093 1095 1096
f 1094 1096 1049 1047
f 1096 1095 1097 1098
f 1096 1098 1051 1049
f 1098 1097 1099 1100
f 1098 1100 1053 1051
f 1100 1099 1101 1102
f 1100 1102 1055 1053
f 1102 1101 1103 1104
f 1102 1104 1057 1055
f 1104 1103 1105 1106
f 1104 1106 1059 1057
f 1106 1105 1107 1108
f 1106 1108 1061 1059
f 1108 1107 1109 1110
f 1108 1110 1063 1061
f 1110 1109 1111 1112
f 1110 1112 1065 1063
f 1112 1111 1113 1114
f 1112 1114 1067 1065
f 1114 1113 1115 1072
f 1114 1072 1069 1067
f 1115 1113 1116 1117
f 1115 1117 1118 1119
f 1115 1119 1073 1072
f 1119 1118 1120 1121
f 1119 1121 1074 1073
f 1121 1120 1122 1123
f 1121 1123 1076 1074
f 1123 1122 1124 1081
f 1123 1081 1078 1076
f 1124 1122 1125 1126
f 1124 1126 1127 1128
f 1124 1128 1082 1081
f 1128 1127 1129 1130
f 1128 1130 1083 1082
f 1130 1129 1131 1132
f 1130 1132 1085 1083
f 1132 1131 1133 1134
f 1132 1134 1087 1085
f 1134 1133 1135 1136
f 1134 1136 1089 1087
f 1136 1135 1137 1138
f 1136 1138 1091 1089
f 1138 1137 1139 1140
f 1138 1140 1093 1091
f 1140 1139 1141 1142
f 1140 1142 1095 1093
f 1142 1141 1143 1144
f 1142 1144 1097 1095
f 1144 1143 1145 1146
f 1144 1146 1099 1097
f 1146 1145 1147 1148
f 1146 1148 1101 1099
f 1148 1147 1149 1150
f 1148 1150 1103 1101
f 1150 1149 1151 1152
f 1150 1152 1105 1103
f 1152 1151 1153 1154
f 1152 1154 1107 1105
f 1154 1153 1155 1156
f 1154 1156 1109 1107
f 1156 1155 1157 1158
f 1156 1158 1111 1109
f 1158 1157 1159 1116
f 1158 1116 1113 1111
f 1159 1157 1160 1161
f 1159 1161 1162 1163
f 1159 1163 1117 1116
f 1163 1162 1164 1165
f 1163 1165 1118 1117
f 1165 1164 1166 1167
f 1165 1167 1120 1118
f 1167 1166 1168 1125
f 1167 1125 1122 1120
f 1168 1166 1169 1170
f 1168 1170 1171 1172
f 1168 1172 1126 1125
f 1172 1171 1173 1174
f 1172 1174 1127 1126
f 1174 1173 1175 1176
f 1174 1176 1129 1127
f 1176 1175 1177 1178
f 1176 1178 1131 1129
f 1178 1177 1179 1180
f 1178 1180 1133 1131
f 1180 1179 1181 1182
f 1180 1182 1135 1133
f 1182 1181 1183 1184
f 1182 1184 1137 1135
f 1184 1183 1185 1186
f 1184 1186 1139 1137
f 1186 1185 1187 1188
f 1186 1188 1141 1139
f 1188 1187 1189 1190
f 1188 1190 1143 1141
f 1190 1189 1191 1192
f 1190 1192 1145 1143
f 1192 1191 1193 1194
f 1192 1194 1147 1145
f 1194 1193 1195 1196
f 1194 1196 1149 1147
f 1196 1195 1197 1198
f 1196 1198 1151 1149
f 1198 1197 1199 1200
f 1198 1200 1153 1151
f 1200 1199 1201 1202
f 1200 1202 1155 1153
f 1202 1201 1203 1160
f 1202 1160 1157 1155
f 1203 1201 1204 1205
f 1203 1205 1206 1207
f 1203 1207 1161 1160
f 1207 1206 1208 1209
f 1207 1209 1162 1161
f 1209 1208 1210 1211
f 1209 1211 1164 1162
f 1211 1210 1212 1169
f 1211 1169 1166 1164
f 1212 1210 1213 1214
f 1212 1214 1215 1216
f 1212 1216 1170 1169
f 1216 1215 1217 1218
f 1216 1218 1171 1170
f 1218 1217 1219 1220
f 1218 1220 1173 1171
f 1220 1219 1221 1222
f 1220 1222 1175 1173
f 1222 1221 1223 1224
f 1222 1224 1177 1175
f 1224 1223 1225 1226
f 1224 1226 1179 1177
f 1226 1225 1227 1228
f 1226 1228 1181 1179
f 1228 1227 1229 1230
f 1228 1230 1183 1181
f 1230 1229 1231 1232
f 1230 1232 1185 1183
f 1232 1231 1233 1234
f 1232 1234 1187 1185
f 1234 1233 1235 1236
f 1234 1236 1189 1187
f 1236 1235 1237 1238
f 1236 1238 1191 1189
f 1238 1237 1239 1240
f 1238 1240 1193 1191
f 1240 1239 1241 1242
f 1240 1242 1195 1193
f 1242 1241 1243 1244
f 1242 1244 1197 1195
f 1244 1243 1245 1246
f 1244 1246 1199 1197
f 1246 1245 1247 1204
f 1246 1204 1201 1199
f 1247 1245 1248 1249
f 1247 1249 1250 1251
f 1247 1251 1205 1204
f 1251 1250 1252 1253
f 1251 1253 1206 1205
f 1253 1252 1254 1255
f 1253 1255 1208 1206
f 1255 1254 1256 1213
f 1255 1213 1210 1208
f 1256 1254 1257 1258
f 1256 1258 1259 1260
f 1256 1260 1214 1213
f 1260 1259 1261 1262
f 1260 1262 1215 1214
f 1262 1261 1263 1264
f 1262 1264 1217 1215
f 1264 1263 1265 1266
f 1264 1266 1219 1217
f 1266 1265 1267 1268
f 1266 1268 1221 1219
f 1268 1267 1269 1270
f 1268 1270 1223 1221
f 1270 1269 1271 1272
f 1270 1272 1225 1223
f 1272 1271 1273 1274
f 1272 1274 1227 1225
f 1274 1273 1275 1276
f 1274 1276 1229 1227
f 1276 1275 1277 1278
f 1276 1278 1231 1229
f 1278 1277 1279 1280
f 1278 1280 1233 1231
f 1280 1279 1281 1282
f 1280 1282 1235 1233
f 1282 1281 1283 1284
f 1282 1284 1237 1235
f 1284 1283 1285 1286
f 1284 1286 1239 1237
f 1286 1285 1287 1288
f 1286 1288 1241 1239
f 1288 1287 1289 1290
f 1288 1290 1243 1241
f 1290 1289 1291 1248
f 1290 1248 1245 1243
f 1291 1289 1292 1293
f 1291 1293 1294 1295
f 1291 1295 1249 1248
f 1295 1294 1296 1297
f 1295 1297 1250 1249
f 1297 1296 1298 1299
f 1297 1299 1252 1250
f 1299 1298 1300 1257
f 1299 1257 1254 1252
f 1300 1298 1301 1302
f 1300 1302 1303 1304
f 1300 1304 1258 1257
f 1304 1303 1305 1306
f 1304 1306 1259 1258
f 1306 1305 1307 1308
f 1306 1308 1261 1259
f 1308 1307 1309 1310
f 1308 1310 1263 1261
f 1310 1309 1311 1312
f 1310 1312 1265 1263
f 1312 1311 1313 1314
f 1312 1314 1267 1265
f 1314 1313 1315 1316
f 1314 1316 1269 1267
f 1316 1315 1317 1318
f 1316 1318 1271 1269
f 1318 1317 1319 1320
f 1318 1320 1273 1271
f 1320 1319 1321 1322
f 1320 1322 1275 1273
f 1322 1321 1323 1324
f 1322 1324 1277 1275
f 1324 1323 1325 1326
f 1324 1326 1279 1277
f 1326 1325 1327 1328
f 1326 1328 1281 1279
f 1328 1327 1329 1330
f 1328 1330 1283 1281
f 1330 1329 1331 1332
f 1330 1332 1285 1283
f 1332 1331 1333 1334
f 1332 1334 1287 1285
f 1334 1333 1335 1292
f 1334 1292 1289 1287
f 1335 1333 1336 1337
f 1335 1337 1338 1339
f 1335 1339 1293 1292
f 1339 1338 1340 1341
f 1339 1341 1294 1293
f 1341 1340 1342 1343
f 1341 1343 1296 1294
f 1343 1342 1344 1301
f 1343 1301 1298 1296
f 1344 1342 1345 1346
f 1344 1346 1347 1348
f 1344 1348 1302 1301
f 1348 1347 1349 1350
f 1348 1350 1303 1302
f 1350 1349 1351 1352
f 1350 1352 1305 1303
f 1352 1351 1353 1354
f 1352 1354 1307 1305
f 1354 1353 1355 1356
f 1354 1356 1309 1307
f 1356 1355 1357 1358
f 1356 1358 1311 1309
f 1358 1357 1359 1360
f 1358 1360 1313 1311
f 1360 1359 1361 1362
f 1360 1362 1315 1313
f 1362 1361 1363 1364
f 1362 1364 1317 1315
f 1364 1363 1365 1366
f 1364 1366 1319 1317
f 1366 1365 1367 1368
f 1366 1368 1321 1319
f 1368 1367 1369 1370
f 1368 1370 1323 1321
f 1370 1369 1371 1372
f 1370 1372 1325 1323
f 1372 1371 1373 1374
f 1372 1374 1327 1325
f 1374 1373 1375 1376
f 1374 1376 1329 1327
f 1376 1375 1377 1378
f 1376 1378 1331 1329
f 1378 1377 1379 1336
f 1378 1336 1333 1331
f 1379 1377 1380 1381
f 1379 1381 1382 1383
f 1379 1383 1337 1336
f 1383 1382 1384 1385
f 1383 1385 1338 1337
f 1385 1384 1386 1387
f 1385 1387 1340 1338
f 1387 1386 1388 1345
f 1387 1345 1342 1340
f 1388 1386 1389 1390
f 1388 1390 1391 1392
f 1388 1392 1346 1345
f 1392 1391 1393 1394
f 1392 1394 1347 1346
f 1394 1393 1395 1396
f 1394 1396 1349 1347
f 1396 1395 1397 1398
f 1396 1398 1351 1349
f 1398 1397 1399 1400
f 1398 1400 1353 1351
f 1400 1399 1401 1402
f 1400 1402 1355 1353
f 1402 1401 1403 1404
f 1402 1404 1357 1355
f 1404 1403 1405 1406
f 1404 1406 1359 1357
f 1406 1405 1407 1408
f 1406 1408 1361 1359
f 1408 1407 1409 1410
f 1408 1410 1363 1361
f 1410 1409 1411 1412
f 1410 1412 1365 1363
f 1412 1411 1413 1414
f 1412 1414 1367 1365
f 1414 1413 1415 1416
f 1414 1416 1369 1367
f 1416 1415 1417 1418
f 1416 1418 1371 1369
f 1418 1417 1419 1420
f 1418 1420 1373 1371
f 1420 1419 1421 1422
f 1420 1422 1375 1373
f 1422 1421 1423 1380
f 1422 1380 1377 1375
f 1423 1421 1424 1425
f 1423 1425 1426 1427
f 1423 1427 1381 1380
f 1427 1426 1428 1429
f 1427 1429 1382 1381
f 1429 1428 1430 1431
f 1429 1431 1384 1382
f 1431 1430 1432 1389
f 1431 1389 1386 1384
f 1432 1430 1433 1434
f 1432 1434 1435 1436
f 1432 1436 1390 1389
f 1436 1435 1437 1438
f 1436 1438 1391 1390
f 1438 1437 1439 1440
f 1438 1440 1393 1391
f 1440 1439 1441 1442
f 1440 1442 1395 1393
f 1442 1441 1443 1444
f 1442 1444 1397 1395
f 1444 1443 1445 1446
f 1444 1446 1399 1397
f 1446 1445 1447 1448
f 1446 1448 1401 1399
f 1448 1447 1449 1450
f 1448 1450 1403 1401
f 1450 1449 1451 1452
f 1450 1452 1405 1403
f 1452 1451 1453 1454
f 1452 1454 1407 1405
f 1454 1453 1455 1456
f 1454 1456 1409 1407
f 1456 1455 1457 1458
f 1456 1458 1411 1409
f 1458 1457 1459 1460
f 1458 1460 1413 1411
f 1460 1459 1461 1462
f 1460 1462 1415 1413
f 1462 1461 1463 1464
f 1462 1464 1417 1415
f 1464 1463 1465 1466
f 1464 1466 1419 1417
f 1466 1465 1467 1424
f 1466 1424 1421 1419
f 1467 1465 1468 1469
f 1467 1469 1470 1471
f 1467 1471 1425 1424
f 1471 1470 1472 1473
f 1471 1473 1426 1425
f 1473 1472 1474 1475
f 1473 1475 1428 1426
f 1475 1474 1476 1433
f 1475 1433 1430 1428
f 1476 1474 1477 1478
f 1476 1478 1479 1480
f 1476 1480 1434 1433
f 1480 1479 1481 1482
f 1480 1482 1435 1434
f 1482 1481 1483 1484
f 1482 1484 1437 1435
f 1484 1483 1485 1486
f 1484 1486 1439 1437
f 1486 1485 1487 1488
f 1486 1488 1441 1439
f 1488 1487 1489 1490
f 1488 1490 1443 1441
f 1490 1489 1491 1492
f 1490 1492 1445 1443
f 1492 1491 1493 1494
f 1492 1494 1447 1445
f 1494 1493 1495 1496
f 1494 1496 1449 1447
f 1496 1495 1497 1498
f 1496 1498 1451 1449
f 1498 1497 1499 1500
f 1498 1500 1453 1451
f 1500 1499 1501 1502
f 1500 1502 1455 1453
f 1502 1501 1503 1504
f 1502 1504 1457 1455
f 1504 1503 1505 1506
f 1504 1506 1459 1457
f 1506 1505 1507 1508
f 1506 1508 1461 1459
f 1508 1507 1509 1510
f 1508 1510 1463 1461
f 1510 1509 1511 1468
f 1510 1468 1465 1463
f 1511 1512 1469 1468
f 1512 1513 1470 1469
f 1513 1514 1472 1470
f 1514 1477 1474 1472
f 271 268 266 265
f 77 74 71 70
f 61 42 18 17
f 61 24 23 42
f 32 31 7 6
f 3 21 73 25
f 1515 1518 1519 1520
f 1515 1521 1522 1518
f 1515 1520 1523 1521
f 1524 1525 1526 1527
f 1516 1528 1529 1530
f 1516 1530 1531 1532
f 1516 1532 1533 1528
f 1517 1534 1535 1536
f 1517 1536 1537 1538
f 1517 1538 1539 1534
f 1539 1538 1540 1541
f 1539 1541 1542 1543
f 1539 1543 1544 1534
f 1544 1543 1519 1518
f 1544 1518 1522 1545
f 1544 1545 1535 1534
f 1545 1522 1546 1547
f 1545 1547 1548 1535
f 1548 1547 1549 1550
f 1548 1550 1551 1552
f 1548 1552 1536 1535
f 1552 1551 1553 1554
f 1552 1554 1537 1536
f 1554 1553 1555 1556
f 1554 1556 1557 1537
f 1557 1540 1538 1537
f 1557 1556 1558 1559
f 1557 1559 1560 1540
f 1560 1561 1541 1540
f 1560 1559 1562 1563
f 1560 1563 1564 1561
f 1564 1563 1565 1566
f 1564 1566 1531 1567
f 1564 1567 1568 1561
f 1568 1567 1569 1570
f 1568 1570 1571 1542
f 1568 1542 1541 1561
f 1571 1570 1572 1573
f 1571 1573 1520 1519
f 1571 1519 1543 1542
f 1573 1572 1574 1575
f 1573 1575 1523 1520
f 1575 1574 1576 1577
f 1575 1577 1578 1523
f 1578 1577 1579 1580
f 1578 1580 1581 1582
f 1578 1582 1521 1523
f 1582 1581 1583 1546
f 1582 1546 1522 1521
f 1583 1581 1584 1585
f 1583 1585 1586 1549
f 1583 1549 1547 1546
f 1586 1585 1587 1588
f 1586 1588 1589 1590
f 1586 1590 1550 1549
f 1590 1589 1591 1592
f 1590 1592 1551 1550
f 1592 1591 1593 1594
f 1592 1594 1553 1551
f 1594 1593 1595 1596
f 1594 1596 1555 1553
f 1596 1595 1597 1598
f 1596 1598 1599 1555
f 1599 1558 1556 1555
f 1599 1598 1600 1601
f 1599 1601 1602 1558
f 1602 1562 1559 1558
f 1602 1601 1603 1604
f 1602 1604 1605 1562
f 1605 1565 1563 1562
f 1605 1604 1606 1607
f 1605 1607 1527 1565
f 1607 1606 1608 1609
f 1607 1609 1524 1527
f 1609 1608 1610 1611
f 1609 1611 1525 1524
f 1611 1610 1612 1613
f 1611 1613 1533 1525
f 1613 1612 1614 1615
f 1613 1615 1528 1533
f 1615 1614 1616 1617
f 1615 1617 1529 1528
f 1617 1616 1618 1619
f 1617 1619 1620 1529
f 1620 1569 1530 1529
f 1620 1619 1574 1572
f 1620 1572 1570 1569
f 1619 1618 1576 1574
f 1618 1616 1621 1622
f 1618 1622 1623 1576
f 1623 1622 1624 1625
f 1623 1625 1626 1579
f 1623 1579 1577 1576
f 1626 1625 1627 1628
f 1626 1628 1629 1630
f 1626 1630 1580 1579
f 1630 1629 1631 1584
f 1630 1584 1581 1580
f 1631 1629 1632 1633
f 1631 1633 1634 1587
f 1631 1587 1585 1584
f 1634 1633 1635 1636
f 1634 1636 1637 1638
f 1634 1638 1588 1587
f 1638 1637 1639 1640
f 1638 1640 1589 1588
f 1640 1639 1641 1642
f 1640 1642 1591 1589
f 1642 1641 1643 1644
f 1642 1644 1593 1591
f 1644 1643 1645 1646
f 1644 1646 1595 1593
f 1646 1645 1647 1648
f 1646 1648 1597 1595
f 1648 1647 1649 1650
f 1648 1650 1651 1597
f 1651 1600 1598 1597
f 1651 1650 1652 1653
f 1651 1653 1654 1600
f 1654 1603 1601 1600
f 1654 1653 1655 1656
f 1654 1656 1657 1603
f 1657 1606 1604 1603
f 1657 1656 1658 1659
f 1657 1659 1608 1606
f 1659 1658 1660 1661
f 1659 1661 1610 1608
f 1661 1660 1662 1663
f 1661 1663 1612 1610
f 1663 1662 1664 1665
f 1663 1665 1614 1612
f 1665 1664 1666 1621
f 1665 1621 1616 1614
f 1666 1664 1667 1668
f 1666 1668 1669 1624
f 1666 1624 1622 1621
f 1669 1668 1670 1671
f 1669 1671 1672 1627
f 1669 1627 1625 1624
f 1672 1671 1673 1674
f 1672 1674 1675 1676
f 1672 1676 1628 1627
f 1676 1675 1677 1632
f 1676 1632 1629 1628
f 1677 1675 1678 1679
f 1677 1679 1680 1635
f 1677 1635 1633 1632
f 1680 1679 1681 1682
f 1680 1682 1683 1684
f 1680 1684 1636 1635
f 1684 1683 1685 1686
f 1684 1686 1637 1636
f 1686 1685 1687 1688
f 1686 1688 1639 1637
f 1688 1687 1689 1690
f 1688 1690 1641 1639
f 1690 1689 1691 1692
f 1690 1692 1643 1641
f 1692 1691 1693 1694
f 1692 1694 1645 1643
f 1694 1693 1695 1696
f 1694 1696 1647 1645
f 1696 1695 1697 1698
f 1696 1698 1649 1647
f 1698 1697 1699 1700
f 1698 1700 1701 1649
f 1701 1652 1650 1649
f 1701 1700 1702 1703
f 1701 1703 1704 1652
f 1704 1655 1653 1652
f 1704 1703 1705 1706
f 1704 1706 1707 1655
f 1707 1658 1656 1655
f 1707 1706 1708 1709
f 1707 1709 1660 1658
f 1709 1708 1710 1711
f 1709 1711 1662 1660
f 1711 1710 1712 1667
f 1711 1667 1664 1662
f 1712 1710 1713 1714
f 1712 1714 1715 1670
f 1712 1670 1668 1667
f 1715 1714 1716 1717
f 1715 1717 1718 1673
f 1715 1673 1671 1670
f 1718 1717 1719 1720
f 1718 1720 1721 1722
f 1718 1722 1674 1673
f 1722 1721 1723 1678
f 1722 1678 1675 1674
f 1723 1721 1724 1725
f 1723 1725 1726 1681
f 1723 1681 1679 1678
f 1726 1725 1727 1728
f 1726 1728 1729 1730
f 1726 1730 1682 1681
f 1730 1729 1731 1732
f 1730 1732 1683 1682
f 1732 1731 1733 1734
f 1732 1734 1685 1683
f 1734 1733 1735 1736
f 1734 1736 1687 1685
f 1736 1735 1737 1738
f 1736 1738 1689 1687
f 1738 1737 1739 1740
f 1738 1740 1691 1689
f 1740 1739 1741 1742
f 1740 1742 1693 1691
f 1742 1741 1743 1744
f 1742 1744 1695 1693
f 1744 1743 1745 1746
f 1744 1746 1697 1695
f 1746 1745 1747 1748
f 1746 1748 1699 1697
f 1748 1747 1749 1750
f 1748 1750 1751 1699
f 1751 1702 1700 1699
f 1751 1750 1752 1753
f 1751 1753 1754 1702
f 1754 1705 1703 1702
f 1754 1753 1755 1756
f 1754 1756 1757 1705
f 1757 1708 1706 1705
f 1757 1756 1758 1713
f 1757 1713 1710 1708
f 1758 1756 1755 1759
f 1758 1759 1760 1716
f 1758 1716 1714 1713
f 1760 1759 1761 1762
f 1760 1762 1763 1719
f 1760 1719 1717 1716
f 1763 1762 1764 1765
f 1763 1765 1766 1767
f 1763 1767 1720 1719
f 1767 1766 1768 1724
f 1767 1724 1721 1720
f 1768 1766 1769 1770
f 1768 1770 1771 1727
f 1768 1727 1725 1724
f 1771 1770 1772 1773
f 1771 1773 1774 1775
f 1771 1775 1728 1727
f 1775 1774 1776 1777
f 1775 1777 1729 1728
f 1777 1776 1778 1779
f 1777 1779 1731 1729
f 1779 1778 1780 1781
f 1779 1781 1733 1731
f 1781 1780 1782 1783
f 1781 1783 1735 1733
f 1783 1782 1784 1785
f 1783 1785 1737 1735
f 1785 1784 1786 1787
f 1785 1787 1739 1737
f 1787 1786 1788 1789
f 1787 1789 1741 1739
f 1789 1788 1790 1791
f 1789 1791 1743 1741
f 1791 1790 1792 1793
f 1791 1793 1745 1743
f 1793 1792 1794 1795
f 1793 1795 1747 1745
f 1795 1794 1796 1797
f 1795 1797 1749 1747
f 1797 1796 1798 1799
f 1797 1799 1800 1749
f 1800 1752 1750 1749
f 1800 1799 1801 1802
f 1800 1802 1803 1752
f 1803 1755 1753 1752
f 1803 1802 1804 1761
f 1803 1761 1759 1755
f 1804 1802 1801 1805
f 1804 1805 1806 1764
f 1804 1764 1762 1761
f 1806 1805 1807 1808
f 1806 1808 1809 1810
f 1806 1810 1765 1764
f 1810 1809 1811 1769
f 1810 1769 1766 1765
f 1811 1809 1812 1813
f 1811 1813 1814 1772
f 1811 1772 1770 1769
f 1814 1813 1815 1816
f 1814 1816 1817 1818
f 1814 1818 1773 1772
f 1818 1817 1819 1820
f 1818 1820 1774 1773
f 1820 1819 1821 1822
f 1820 1822 1776 1774
f 1822 1821 1823 1824
f 1822 1824 1778 1776
f 1824 1823 1825 1826
f 1824 1826 1780 1778
f 1826 1825 1827 1828
f 1826 1828 1782 1780
f 1828 1827 1829 1830
f 1828 1830 1784 1782
f 1830 1829 1831 1832
f 1830 1832 1786 1784
f 1832 1831 1833 1834
f 1832 1834 1788 1786
f 1834 1833 1835 1836
f 1834 1836 1790 1788
f 1836 1835 1837 1838
f 1836 1838 1792 1790
f 1838 1837 1839 1840
f 1838 1840 1794 1792
f 1840 1839 1841 1842
f 1840 1842 1796 1794
f 1842 1841 1843 1844
f 1842 1844 1798 1796
f 1844 1843 1845 1846
f 1844 1846 1847 1798
f 1847 1801 1799 1798
f 1847 1846 1848 1807
f 1847 1807 1805 1801
f 1848 1846 1845 1849
f 1848 1849 1850 1851
f 1848 1851 1808 1807
f 1851 1850 1852 1812
f 1851 1812 1809 1808
f 1852 1850 1853 1854
f 1852 1854 1855 1815
f 1852 1815 1813 1812
f 1855 1854 1856 1857
f 1855 1857 1858 1859
f 1855 1859 1816 1815
f 1859 1858 1860 1861
f 1859 1861 1817 1816
f 1861 1860 1862 1863
f 1861 1863 1819 1817
f 1863 1862 1864 1865
f 1863 1865 1821 1819
f 1865 1864 1866 1867
f 1865 1867 1823 1821
f 1867 1866 1868 1869
f 1867 1869 1825 1823
f 1869 1868 1870 1871
f 1869 1871 1827 1825
f 1871 1870 1872 1873
f 1871 1873 1829 1827
f 1873 1872 1874 1875
f 1873 1875 1831 1829
f 1875 1874 1876 1877
f 1875 1877 1833 1831
f 1877 1876 1878 1879
f 1877 1879 1835 1833
f 1879 1878 1880 1881
f 1879 1881 1837 1835
f 1881 1880 1882 1883
f 1881 1883 1839 1837
f 1883 1882 1884 1885
f 1883 1885 1841 1839
f 1885 1884 1886 1887
f 1885 1887 1843 1841
f 1887 1886 1888 1889
f 1887 1889 1845 1843
f 1889 1888 1890 1891
f 1889 1891 1849 1845
f 1891 1890 1892 1853
f 1891 1853 1850 1849
f 1892 1890 1893 1894
f 1892 1894 1895 1856
f 1892 1856 1854 1853
f 1895 1894 1896 1897
f 1895 1897 1898 1899
f 1895 1899 1857 1856
f 1899 1898 1900 1901
f 1899 1901 1858 1857
f 1901 1900 1902 1903
f 1901 1903 1860 1858
f 1903 1902 1904 1905
f 1903 1905 1862 1860
f 1905 1904 1906 1907
f 1905 1907 1864 1862
f 1907 1906 1908 1909
f 1907 1909 1866 1864
f 1909 1908 1910 1911
f 1909 1911 1868 1866
f 1911 1910 1912 1913
f 1911 1913 1870 1868
f 1913 1912 1914 1915
f 1913 1915 1872 1870
f 1915 1914 1916 1917
f 1915 1917 1874 1872
f 1917 1916 1918 1919
f 1917 1919 1876 1874
f 1919 1918 1920 1921
f 1919 1921 1878 1876
f 1921 1920 1922 1923
f 1921 1923 1880 1878
f 1923 1922 1924 1925
f 1923 1925 1882 1880
f 1925 1924 1926 1927
f 1925 1927 1884 1882
f 1927 1926 1928 1929
f 1927 1929 1886 1884
f 1929 1928 1930 1931
f 1929 1931 1888 1886
f 1931 1930 1932 1893
f 1931 1893 1890 1888
f 1932 1930 1933 1934
f 1932 1934 1935 1896
f 1932 1896 1894 1893
f 1935 1934 1936 1937
f 1935 1937 1938 1939
f 1935 1939 1897 1896
f 1939 1938 1940 1941
f 1939 1941 1898 1897
f 1941 1940 1942 1943
f 1941 1943 1900 1898
f 1943 1942 1944 1945
f 1943 1945 1902 1900
f 1945 1944 1946 1947
f 1945 1947 1904 1902
f 1947 1946 1948 1949
f 1947 1949 1906 1904
f 1949 1948 1950 1951
f 1949 1951 1908 1906
f 1951 1950 1952 1953
f 1951 1953 1910 1908
f 1953 1952 1954 1955
f 1953 1955 1912 1910
f 1955 1954 1956 1957
f 1955 1957 1914 1912
f 1957 1956 1958 1959
f 1957 1959 1916 1914
f 1959 1958 1960 1961
f 1959 1961 1918 1916
f 1961 1960 1962 1963
f 1961 1963 1920 1918
f 1963 1962 1964 1965
f 1963 1965 1922 1920
f 1965 1964 1966 1967
f 1965 1967 1924 1922
f 1967 1966 1968 1969
f 1967 1969 1926 1924
f 1969 1968 1970 1971
f 1969 1971 1928 1926
f 1971 1970 1972 1933
f 1971 1933 1930 1928
f 1972 1970 1973 1974
f 1972 1974 1975 1936
f 1972 1936 1934 1933
f 1975 1974 1976 1977
f 1975 1977 1978 1979
f 1975 1979 1937 1936
f 1979 1978 1980 1981
f 1979 1981 1938 1937
f 1981 1980 1982 1983
f 1981 1983 1940 1938
f 1983 1982 1984 1985
f 1983 1985 1942 1940
f 1985 1984 1986 1987
f 1985 1987 1944 1942
f 1987 1986 1988 1989
f 1987 1989 1946 1944
f 1989 1988 1990 1991
f 1989 1991 1948 1946
f 1991 1990 1992 1993
f 1991 1993 1950 1948
f 1993 1992 1994 1995
f 1993 1995 1952 1950
f 1995 1994 1996 1997
f 1995 1997 1954 1952
f 1997 1996 1998 1999
f 1997 1999 1956 1954
f 1999 1998 2000 2001
f 1999 2001 1958 1956
f 2001 2000 2002 2003
f 2001 2003 1960 1958
f 2003 2002 2004 2005
f 2003 2005 1962 1960
f 2005 2004 2006 2007
f 2005 2007 1964 1962
f 2007 2006 2008 2009
f 2007 2009 1966 1964
f 2009 2008 2010 2011
f 2009 2011 1968 1966
f 2011 2010 2012 1973
f 2011 1973 1970 1968
f 2012 2010 2013 2014
f 2012 2014 2015 1976
f 2012 1976 1974 1973
f 2015 2014 2016 2017
f 2015 2017 2018 2019
f 2015 2019 1977 1976
f 2019 2018 2020 2021
f 2019 2021 1978 1977
f 2021 2020 2022 2023
f 2021 2023 1980 1978
f 2023 2022 2024 2025
f 2023 2025 1982 1980
f 2025 2024 2026 2027
f 2025 2027 1984 1982
f 2027 2026 2028 2029
f 2027 2029 1986 1984
f 2029 2028 2030 2031
f 2029 2031 1988 1986
f 2031 2030 2032 2033
f 2031 2033 1990 1988
f 2033 2032 2034 2035
f 2033 2035 1992 1990
f 2035 2034 2036 2037
f 2035 2037 1994 1992
f 2037 2036 2038 2039
f 2037 2039 1996 1994
f 2039 2038 2040 2041
f 2039 2041 1998 1996
f 2041 2040 2042 2043
f 2041 2043 2000 1998
f 2043 2042 2044 2045
f 2043 2045 2002 2000
f 2045 2044 2046 2047
f 2045 2047 2004 2002
f 2047 2046 2048 2049
f 2047 2049 2006 2004
f 2049 2048 2050 2051
f 2049 2051 2008 2006
f 2051 2050 2052 2013
f 2051 2013 2010 2008
f 2052 2050 2053 2054
f 2052 2054 2055 2016
f 2052 2016 2014 2013
f 2055 2054 2056 2057
f 2055 2057 2058 2059
f 2055 2059 2017 2016
f 2059 2058 2060 2061
f 2059 2061 2018 2017
f 2061 2060 2062 2063
f 2061 2063 2020 2018
f 2063 2062 2064 2065
f 2063 2065 2022 2020
f 2065 2064 2066 2067
f 2065 2067 2024 2022
f 2067 2066 2068 2069
f 2067 2069 2026 2024
f 2069 2068 2070 2071
f 2069 2071 2028 2026
f 2071 2070 2072 2073
f 2071 2073 2030 2028
f 2073 2072 2074 2075
f 2073 2075 2032 2030
f 2075 2074 2076 2077
f 2075 2077 2034 2032
f 2077 2076 2078 2079
f 2077 2079 2036 2034
f 2079 2078 2080 2081
f 2079 2081 2038 2036
f 2081 2080 2082 2083
f 2081 2083 2040 2038
f 2083 2082 2084 2085
f 2083 2085 2042 2040
f 2085 2084 2086 2087
f 2085 2087 2044 2042
f 2087 2086 2088 2089
f 2087 2089 2046 2044
f 2089 2088 2090 2091
f 2089 2091 2048 2046
f 2091 2090 2092 2053
f 2091 2053 2050 2048
f 2092 2090 2093 2094
f 2092 2094 2095 2056
f 2092 2056 2054 2053
f 2095 2094 2096 2097
f 2095 2097 2098 2099
f 2095 2099 2057 2056
f 2099 2098 2100 2101
f 2099 2101 2058 2057
f 2101 2100 2102 2103
f 2101 2103 2060 2058
f 2103 2102 2104 2105
f 2103 2105 2062 2060
f 2105 2104 2106 2107
f 2105 2107 2064 2062
f 2107 2106 2108 2109
f 2107 2109 2066 2064
f 2109 2108 2110 2111
f 2109 2111 2068 2066
f 2111 2110 2112 2113
f 2111 2113 2070 2068
f 2113 2112 2114 2115
f 2113 2115 2072 2070
f 2115 2114 2116 2117
f 2115 2117 2074 2072
f 2117 2116 2118 2119
f 2117 2119 2076 2074
f 2119 2118 2120 2121
f 2119 2121 2078 2076
f 2121 2120 2122 2123
f 2121 2123 2080 2078
f 2123 2122 2124 2125
f 2123 2125 2082 2080
f 2125 2124 2126 2127
f 2125 2127 2084 2082
f 2127 2126 2128 2129
f 2127 2129 2086 2084
f 2129 2128 2130 2131
f 2129 2131 2088 2086
f 2131 2130 2132 2093
f 2131 2093 2090 2088
f 2132 2130 2133 2134
f 2132 2134 2135 2096
f 2132 2096 2094 2093
f 2135 2134 2136 2137
f 2135 2137 2138 2139
f 2135 2139 2097 2096
f 2139 2138 2140 2141
f 2139 2141 2098 2097
f 2141 2140 2142 2143
f 2141 2143 2100 2098
f 2143 2142 2144 2145
f 2143 2145 2102 2100
f 2145 2144 2146 2147
f 2145 2147 2104 2102
f 2147 2146 2148 2149
f 2147 2149 2106 2104
f 2149 2148 2150 2151
f 2149 2151 2108 2106
f 2151 2150 2152 2153
f 2151 2153 2110 2108
f 2153 2152 2154 2155
f 2153 2155 2112 2110
f 2155 2154 2156 2157
f 2155 2157 2114 2112
f 2157 2156 2158 2159
f 2157 2159 2116 2114
f 2159 2158 2160 2161
f 2159 2161 2118 2116
f 2161 2160 2162 2163
f 2161 2163 2120 2118
f 2163 2162 2164 2165
f 2163 2165 2122 2120
f 2165 2164 2166 2167
f 2165 2167 2124 2122
f 2167 2166 2168 2169
f 2167 2169 2126 2124
f 2169 2168 2170 2171
f 2169 2171 2128 2126
f 2171 2170 2172 2133
f 2171 2133 2130 2128
f 2172 2170 2173 2174
f 2172 2174 2175 2136
f 2172 2136 2134 2133
f 2175 2174 2176 2177
f 2175 2177 2178 2179
f 2175 2179 2137 2136
f 2179 2178 2180 2181
f 2179 2181 2138 2137
f 2181 2180 2182 2183
f 2181 2183 2140 2138
f 2183 2182 2184 2185
f 2183 2185 2142 2140
f 2185 2184 2186 2187
f 2185 2187 2144 2142
f 2187 2186 2188 2189
f 2187 2189 2146 2144
f 2189 2188 2190 2191
f 2189 2191 2148 2146
f 2191 2190 2192 2193
f 2191 2193 2150 2148
f 2193 2192 2194 2195
f 2193 2195 2152 2150
f 2195 2194 2196 2197
f 2195 2197 2154 2152
f 2197 2196 2198 2199
f 2197 2199 2156 2154
f 2199 2198 2200 2201
f 2199 2201 2158 2156
f 2201 2200 2202 2203
f 2201 2203 2160 2158
f 2203 2202 2204 2205
f 2203 2205 2162 2160
f 2205 2204 2206 2207
f 2205 2207 2164 2162
f 2207 2206 2208 2209
f 2207 2209 2166 2164
f 2209 2208 2210 2211
f 2209 2211 2168 2166
f 2211 2210 2212 2173
f 2211 2173 2170 2168
f 2212 2210 2213 2214
f 2212 2214 2215 2176
f 2212 2176 2174 2173
f 2215 2214 2216 2217
f 2215 2217 2218 2219
f 2215 2219 2177 2176
f 2219 2218 2220 2221
f 2219 2221 2178 2177
f 2221 2220 2222 2223
f 2221 2223 2180 2178
f 2223 2222 2224 2225
f 2223 2225 2182 2180
f 2225 2224 2226 2227
f 2225 2227 2184 2182
f 2227 2226 2228 2229
f 2227 2229 2186 2184
f 2229 2228 2230 2231
f 2229 2231 2188 2186
f 2231 2230 2232 2233
f 2231 2233 2190 2188
f 2233 2232 2234 2235
f 2233 2235 2192 2190
f 2235 2234 2236 2237
f 2235 2237 2194 2192
f 2237 2236 2238 2239
f 2237 2239 2196 2194
f 2239 2238 2240 2241
f 2239 2241 2198 2196
f 2241 2240 2242 2243
f 2241 2243 2200 2198
f 2243 2242 2244 2245
f 2243 2245 2202 2200
f 2245 2244 2246 2247
f 2245 2247 2204 2202
f 2247 2246 2248 2249
f 2247 2249 2206 2204
f 2249 2248 2250 2251
f 2249 2251 2208 2206
f 2251 2250 2252 2213
f 2251 2213 2210 2208
f 2252 2250 2253 2254
f 2252 2254 2255 2216
f 2252 2216 2214 2213
f 2255 2254 2256 2257
f 2255 2257 2258 2259
f 2255 2259 2217 2216
f 2259 2258 2260 2261
f 2259 2261 2218 2217
f 2261 2260 2262 2263
f 2261 2263 2220 2218
f 2263 2262 2264 2265
f 2263 2265 2222 2220
f 2265 2264 2266 2267
f 2265 2267 2224 2222
f 2267 2266 2268 2269
f 2267 2269 2226 2224
f 2269 2268 2270 2271
f 2269 2271 2228 2226
f 2271 2270 2272 2273
f 2271 2273 2230 2228
f 2273 2272 2274 2275
f 2273 2275 2232 2230
f 2275 2274 2276 2277
f 2275 2277 2234 2232
f 2277 2276 2278 2279
f 2277 2279 2236 2234
f 2279 2278 2280 2281
f 2279 2281 2238 2236
f 2281 2280 2282 2283
f 2281 2283 2240 2238
f 2283 2282 2284 2285
f 2283 2285 2242 2240
f 2285 2284 2286 2287
f 2285 2287 2244 2242
f 2287 2286 2288 2289
f 2287 2289 2246 2244
f 2289 2288 2290 2291
f 2289 2291 2248 2246
f 2291 2290 2292 2253
f 2291 2253 2250 2248
f 2292 2290 2293 2294
f 2292 2294 2295 2256
f 2292 2256 2254 2253
f 2295 2294 2296 2297
f 2295 2297 2298 2299
f 2295 2299 2257 2256
f 2299 2298 2300 2301
f 2299 2301 2258 2257
f 2301 2300 2302 2303
f 2301 2303 2260 2258
f 2303 2302 2304 2305
f 2303 2305 2262 2260
f 2305 2304 2306 2307
f 2305 2307 2264 2262
f 2307 2306 2308 2309
f 2307 2309 2266 2264
f 2309 2308 2310 2311
f 2309 2311 2268 2266
f 2311 2310 2312 2313
f 2311 2313 2270 2268
f 2313 2312 2314 2315
f 2313 2315 2272 2270
f 2315 2314 2316 2317
f 2315 2317 2274 2272
f 2317 2316 2318 2319
f 2317 2319 2276 2274
f 2319 2318 2320 2321
f 2319 2321 2278 2276
f 2321 2320 2322 2323
f 2321 2323 2280 2278
f 2323 2322 2324 2325
f 2323 2325 2282 2280
f 2325 2324 2326 2327
f 2325 2327 2284 2282
f 2327 2326 2328 2329
f 2327 2329 2286 2284
f 2329 2328 2330 2331
f 2329 2331 2288 2286
f 2331 2330 2332 2293
f 2331 2293 2290 2288
f 2332 2330 2333 2334
f 2332 2334 2335 2296
f 2332 2296 2294 2293
f 2335 2334 2336 2337
f 2335 2337 2338 2339
f 2335 2339 2297 2296
f 2339 2338 2340 2341
f 2339 2341 2298 2297
f 2341 2340 2342 2343
f 2341 2343 2300 2298
f 2343 2342 2344 2345
f 2343 2345 2302 2300
f 2345 2344 2346 2347
f 2345 2347 2304 2302
f 2347 2346 2348 2349
f 2347 2349 2306 2304
f 2349 2348 2350 2351
f 2349 2351 2308 2306
f 2351 2350 2352 2353
f 2351 2353 2310 2308
f 2353 2352 2354 2355
f 2353 2355 2312 2310
f 2355 2354 2356 2357
f 2355 2357 2314 2312
f 2357 2356 2358 2359
f 2357 2359 2316 2314
f 2359 2358 2360 2361
f 2359 2361 2318 2316
f 2361 2360 2362 2363
f 2361 2363 2320 2318
f 2363 2362 2364 2365
f 2363 2365 2322 2320
f 2365 2364 2366 2367
f 2365 2367 2324 2322
f 2367 2366 2368 2369
f 2367 2369 2326 2324
f 2369 2368 2370 2371
f 2369 2371 2328 2326
f 2371 2370 2372 2333
f 2371 2333 2330 2328
f 2372 2370 2373 2374
f 2372 2374 2375 2336
f 2372 2336 2334 2333
f 2375 2374 2376 2377
f 2375 2377 2378 2379
f 2375 2379 2337 2336
f 2379 2378 2380 2381
f 2379 2381 2338 2337
f 2381 2380 2382 2383
f 2381 2383 2340 2338
f 2383 2382 2384 2385
f 2383 2385 2342 2340
f 2385 2384 2386 2387
f 2385 2387 2344 2342
f 2387 2386 2388 2389
f 2387 2389 2346 2344
f 2389 2388 2390 2391
f 2389 2391 2348 2346
f 2391 2390 2392 2393
f 2391 2393 2350 2348
f 2393 2392 2394 2395
f 2393 2395 2352 2350
f 2395 2394 2396 2397
f 2395 2397 2354 2352
f 2397 2396 2398 2399
f 2397 2399 2356 2354
f 2399 2398 2400 2401
f 2399 2401 2358 2356
f 2401 2400 2402 2403
f 2401 2403 2360 2358
f 2403 2402 2404 2405
f 2403 2405 2362 2360
f 2405 2404 2406 2407
f 2405 2407 2364 2362
f 2407 2406 2408 2409
f 2407 2409 2366 2364
f 2409 2408 2410 2411
f 2409 2411 2368 2366
f 2411 2410 2412 2373
f 2411 2373 2370 2368
f 2412 2410 2413 2414
f 2412 2414 2415 2376
f 2412 2376 2374 2373
f 2415 2414 2416 2417
f 2415 2417 2418 2419
f 2415 2419 2377 2376
f 2419 2418 2420 2421
f 2419 2421 2378 2377
f 2421 2420 2422 2423
f 2421 2423 2380 2378
f 2423 2422 2424 2425
f 2423 2425 2382 2380
f 2425 2424 2426 2427
f 2425 2427 2384 2382
f 2427 2426 2428 2429
f 2427 2429 2386 2384
f 2429 2428 2430 2431
f 2429 2431 2388 2386
f 2431 2430 2432 2433
f 2431 2433 2390 2388
f 2433 2432 2434 2435
f 2433 2435 2392 2390
f 2435 2434 2436 2437
f 2435 2437 2394 2392
f 2437 2436 2438 2439
f 2437 2439 2396 2394
f 2439 2438 2440 2441
f 2439 2441 2398 2396
f 2441 2440 2442 2443
f 2441 2443 2400 2398
f 2443 2442 2444 2445
f 2443 2445 2402 2400
f 2445 2444 2446 2447
f 2445 2447 2404 2402
f 2447 2446 2448 2449
f 2447 2449 2406 2404
f 2449 2448 2450 2451
f 2449 2451 2408 2406
f 2451 2450 2452 2413
f 2451 2413 2410 2408
f 2452 2450 2453 2454
f 2452 2454 2455 2416
f 2452 2416 2414 2413
f 2455 2454 2456 2457
f 2455 2457 2458 2459
f 2455 2459 2417 2416
f 2459 2458 2460 2461
f 2459 2461 2418 2417
f 2461 2460 2462 2463
f 2461 2463 2420 2418
f 2463 2462 2464 2465
f 2463 2465 2422 2420
f 2465 2464 2466 2467
f 2465 2467 2424 2422
f 2467 2466 2468 2469
f 2467 2469 2426 2424
f 2469 2468 2470 2471
f 2469 2471 2428 2426
f 2471 2470 2472 2473
f 2471 2473 2430 2428
f 2473 2472 2474 2475
f 2473 2475 2432 2430
f 2475 2474 2476 2477
f 2475 2477 2434 2432
f 2477 2476 2478 2479
f 2477 2479 2436 2434
f 2479 2478 2480 2481
f 2479 2481 2438 2436
f 2481 2480 2482 2483
f 2481 2483 2440 2438
f 2483 2482 2484 2485
f 2483 2485 2442 2440
f 2485 2484 2486 2487
f 2485 2487 2444 2442
f 2487 2486 2488 2489
f 2487 2489 2446 2444
f 2489 2488 2490 2491
f 2489 2491 2448 2446
f 2491 2490 2492 2453
f 2491 2453 2450 2448
f 2492 2490 2493 2494
f 2492 2494 2495 2456
f 2492 2456 2454 2453
f 2495 2494 2496 2497
f 2495 2497 2498 2499
f 2495 2499 2457 2456
f 2499 2498 2500 2501
f 2499 2501 2458 2457
f 2501 2500 2502 2503
f 2501 2503 2460 2458
f 2503 2502 2504 2505
f 2503 2505 2462 2460
f 2505 2504 2506 2507
f 2505 2507 2464 2462
f 2507 2506 2508 2509
f 2507 2509 2466 2464
f 2509 2508 2510 2511
f 2509 2511 2468 2466
f 2511 2510 2512 2513
f 2511 2513 2470 2468
f 2513 2512 2514 2515
f 2513 2515 2472 2470
f 2515 2514 2516 2517
f 2515 2517 2474 2472
f 2517 2516 2518 2519
f 2517 2519 2476 2474
f 2519 2518 2520 2521
f 2519 2521 2478 2476
f 2521 2520 2522 2523
f 2521 2523 2480 2478
f 2523 2522 2524 2525
f 2523 2525 2482 2480
f 2525 2524 2526 2527
f 2525 2527 2484 2482
f 2527 2526 2528 2529
f 2527 2529 2486 2484
f 2529 2528 2530 2531
f 2529 2531 2488 2486
f 2531 2530 2532 2493
f 2531 2493 2490 2488
f 2532 2530 2533 2534
f 2532 2534 2535 2496
f 2532 2496 2494 2493
f 2535 2534 2536 2537
f 2535 2537 2538 2539
f 2535 2539 2497 2496
f 2539 2538 2540 2541
f 2539 2541 2498 2497
f 2541 2540 2542 2543
f 2541 2543 2500 2498
f 2543 2542 2544 2545
f 2543 2545 2502 2500
f 2545 2544 2546 2547
f 2545 2547 2504 2502
f 2547 2546 2548 2549
f 2547 2549 2506 2504
f 2549 2548 2550 2551
f 2549 2551 2508 2506
f 2551 2550 2552 2553
f 2551 2553 2510 2508
f 2553 2552 2554 2555
f 2553 2555 2512 2510
f 2555 2554 2556 2557
f 2555 2557 2514 2512
f 2557 2556 2558 2559
f 2557 2559 2516 2514
f 2559 2558 2560 2561
f 2559 2561 2518 2516
f 2561 2560 2562 2563
f 2561 2563 2520 2518
f 2563 2562 2564 2565
f 2563 2565 2522 2520
f 2565 2564 2566 2567
f 2565 2567 2524 2522
f 2567 2566 2568 2569
f 2567 2569 2526 2524
f 2569 2568 2570 2571
f 2569 2571 2528 2526
f 2571 2570 2572 2533
f 2571 2533 2530 2528
f 2572 2570 2573 2574
f 2572 2574 2575 2536
f 2572 2536 2534 2533
f 2575 2574 2576 2577
f 2575 2577 2578 2579
f 2575 2579 2537 2536
f 2579 2578 2580 2581
f 2579 2581 2538 2537
f 2581 2580 2582 2583
f 2581 2583 2540 2538
f 2583 2582 2584 2585
f 2583 2585 2542 2540
f 2585 2584 2586 2587
f 2585 2587 2544 2542
f 2587 2586 2588 2589
f 2587 2589 2546 2544
f 2589 2588 2590 2591
f 2589 2591 2548 2546
f 2591 2590 2592 2593
f 2591 2593 2550 2548
f 2593 2592 2594 2595
f 2593 2595 2552 2550
f 2595 2594 2596 2597
f 2595 2597 2554 2552
f 2597 2596 2598 2599
f 2597 2599 2556 2554
f 2599 2598 2600 2601
f 2599 2601 2558 2556
f 2601 2600 2602 2603
f 2601 2603 2560 2558
f 2603 2602 2604 2605
f 2603 2605 2562 2560
f 2605 2604 2606 2607
f 2605 2607 2564 2562
f 2607 2606 2608 2609
f 2607 2609 2566 2564
f 2609 2608 2610 2611
f 2609 2611 2568 2566
f 2611 2610 2612 2573
f 2611 2573 2570 2568
f 2612 2610 2613 2614
f 2612 2614 2615 2576
f 2612 2576 2574 2573
f 2615 2616 2577 2576
f 2616 2617 2578 2577
f 2617 2618 2580 2578
f 2618 2619 2582 2580
f 2619 2620 2584 2582
f 2620 2621 2586 2584
f 2621 2622 2588 2586
f 2622 2623 2590 2588
f 2623 2624 2592 2590
f 2624 2625 2594 2592
f 2625 2626 2596 2594
f 2626 2627 2598 2596
f 2627 2628 2600 2598
f 2628 2629 2602 2600
f 2629 2630 2604 2602
f 2630 2631 2606 2604
f 2631 2632 2608 2606
f 2632 2613 2610 2608
f 1569 1567 1531 1530
f 1566 1565 1527 1526
f 1566 1526 1532 1531
f 1533 1532 1526 1525

 